{
  "target_tau_val_acc_pct": 90.0,
  "target_tau_test_acc_pct": 90.0,
  "epochs_at_tau": 8,
  "final_train_acc_pct": 96.89259259259259,
  "final_train_loss_batch_mean": 0.1191432280068714,
  "final_train_loss_eval": 0.11828837847398921,
  "final_val_acc_pct": 95.93333333333334,
  "final_val_loss": 0.15103355639924607,
  "best_val_acc_pct": 95.93333333333334,
  "final_test_acc_pct": 96.33,
  "final_test_loss": 0.13147632903419434,
  "best_test_acc_pct": 95.93333333333334,
  "generalization_gap_train_minus_test_ppts": 0.5625925925925941,
  "sigma_final_test_acc_pct_across_seeds": null,
  "seed": 42
}
