{
  "target_tau_val_acc_pct": 90.0,
  "target_tau_test_acc_pct": 90.0,
  "epochs_at_tau": 8,
  "final_train_acc_pct": 96.95,
  "final_train_loss_batch_mean": 0.11687489959159733,
  "final_train_loss_eval": 0.11602482942961403,
  "final_val_acc_pct": 95.98333333333333,
  "final_val_loss": 0.1490600456794103,
  "best_val_acc_pct": 95.98333333333333,
  "final_test_acc_pct": 96.32,
  "final_test_loss": 0.12950599305331706,
  "best_test_acc_pct": 95.98333333333333,
  "generalization_gap_train_minus_test_ppts": 0.6300000000000097,
  "sigma_final_test_acc_pct_across_seeds": null,
  "seed": 42
}
