{
  "target_tau_val_acc_pct": 90.0,
  "target_tau_test_acc_pct": 90.0,
  "epochs_at_tau": 65,
  "final_train_acc_pct": 92.1462962962963,
  "final_train_loss_batch_mean": 0.3044026729902385,
  "final_train_loss_eval": 0.27418557974682034,
  "final_val_acc_pct": 92.28333333333333,
  "final_val_loss": 0.27298153812686604,
  "best_val_acc_pct": 92.28333333333333,
  "final_test_acc_pct": 92.51,
  "final_test_loss": 0.2619669524952769,
  "best_test_acc_pct": 92.28333333333333,
  "generalization_gap_train_minus_test_ppts": -0.3637037037037061,
  "sigma_final_test_acc_pct_across_seeds": null,
  "seed": 44
}
