{
  "target_tau_val_acc_pct": 90.0,
  "target_tau_test_acc_pct": 90.0,
  "epochs_at_tau": 67,
  "final_train_acc_pct": 91.74074074074075,
  "final_train_loss_batch_mean": 0.3291079049568041,
  "final_train_loss_eval": 0.2883235398344519,
  "final_val_acc_pct": 91.51666666666667,
  "final_val_loss": 0.3036671057343483,
  "best_val_acc_pct": 91.51666666666667,
  "final_test_acc_pct": 91.95,
  "final_test_loss": 0.27814303305931387,
  "best_test_acc_pct": 91.51666666666667,
  "generalization_gap_train_minus_test_ppts": -0.20925925925925526,
  "sigma_final_test_acc_pct_across_seeds": null,
  "seed": 42
}
