{
  "trial": "trial_001",
  "proposal_source": "random_init",
  "candidate": {
    "l2_weight": 0.00012352307345097314
  },
  "resolved_overrides": {
    "order": 1,
    "do_neural_balance": false,
    "full_balance_at_start": false,
    "l2_weight": 0.00012352307345097314
  },
  "mean_final_val_acc_pct": 91.33333333333333,
  "mean_final_test_acc_pct": 91.85000000000001,
  "sigma_final_test_acc_pct_across_seeds": 0.05291502622128934,
  "objective_name": "mean_final_val_acc_pct",
  "objective_value": 91.33333333333333,
  "per_seed_metrics": [
    {
      "target_tau_val_acc_pct": 90.0,
      "target_tau_test_acc_pct": 90.0,
      "epochs_at_tau": 66,
      "final_train_acc_pct": 91.57407407407408,
      "final_train_loss_batch_mean": 0.691638034101911,
      "final_train_loss_eval": 0.2953501485676562,
      "final_val_acc_pct": 91.43333333333334,
      "final_val_loss": 0.3096397978564103,
      "best_val_acc_pct": 91.43333333333334,
      "final_test_acc_pct": 91.87,
      "final_test_loss": 0.2842742569744587,
      "best_test_acc_pct": 91.43333333333334,
      "generalization_gap_train_minus_test_ppts": -0.29592592592592837,
      "sigma_final_test_acc_pct_across_seeds": null,
      "seed": 42,
      "seed_dir": "/workspaces/Neural-Balance/experiments/mnist_fcn_regscomp/l1_reg_BO/trials/trial_001/seed_42"
    },
    {
      "target_tau_val_acc_pct": 90.0,
      "target_tau_test_acc_pct": 90.0,
      "epochs_at_tau": 73,
      "final_train_acc_pct": 91.45185185185186,
      "final_train_loss_batch_mean": 0.6938070544699357,
      "final_train_loss_eval": 0.29747958566057736,
      "final_val_acc_pct": 91.31666666666666,
      "final_val_loss": 0.30398920613030594,
      "best_val_acc_pct": 91.43333333333334,
      "final_test_acc_pct": 91.79,
      "final_test_loss": 0.2855911469552666,
      "best_test_acc_pct": 91.43333333333334,
      "generalization_gap_train_minus_test_ppts": -0.3381481481481501,
      "sigma_final_test_acc_pct_across_seeds": null,
      "seed": 43,
      "seed_dir": "/workspaces/Neural-Balance/experiments/mnist_fcn_regscomp/l1_reg_BO/trials/trial_001/seed_43"
    },
    {
      "target_tau_val_acc_pct": 90.0,
      "target_tau_test_acc_pct": 90.0,
      "epochs_at_tau": 65,
      "final_train_acc_pct": 91.61296296296297,
      "final_train_loss_batch_mean": 0.6920270594940366,
      "final_train_loss_eval": 0.2967116534003714,
      "final_val_acc_pct": 91.25,
      "final_val_loss": 0.2965996911128362,
      "best_val_acc_pct": 91.3,
      "final_test_acc_pct": 91.89,
      "final_test_loss": 0.2836624038405716,
      "best_test_acc_pct": 91.3,
      "generalization_gap_train_minus_test_ppts": -0.277037037037033,
      "sigma_final_test_acc_pct_across_seeds": null,
      "seed": 44,
      "seed_dir": "/workspaces/Neural-Balance/experiments/mnist_fcn_regscomp/l1_reg_BO/trials/trial_001/seed_44"
    }
  ]
}
