{
  "target_tau_val_acc_pct": 90.0,
  "target_tau_test_acc_pct": 90.0,
  "epochs_at_tau": 73,
  "final_train_acc_pct": 92.0962962962963,
  "final_train_loss_batch_mean": 0.2986627574921784,
  "final_train_loss_eval": 0.2751411759599125,
  "final_val_acc_pct": 91.96666666666667,
  "final_val_loss": 0.28134107651809853,
  "best_val_acc_pct": 92.05,
  "final_test_acc_pct": 92.4,
  "final_test_loss": 0.26478175753727556,
  "best_test_acc_pct": 92.05,
  "generalization_gap_train_minus_test_ppts": -0.3037037037037038,
  "sigma_final_test_acc_pct_across_seeds": null,
  "seed": 43
}
