{
  "target_tau_val_acc_pct": 90.0,
  "target_tau_test_acc_pct": 90.0,
  "epochs_at_tau": null,
  "final_train_acc_pct": 77.92037037037036,
  "final_train_loss_batch_mean": 1.4370928104454872,
  "final_train_loss_eval": 1.3538583511424855,
  "final_val_acc_pct": 77.88333333333334,
  "final_val_loss": 1.355139950911204,
  "best_val_acc_pct": 77.88333333333334,
  "final_test_acc_pct": 78.61,
  "final_test_loss": 1.3344519883394241,
  "best_test_acc_pct": 77.88333333333334,
  "generalization_gap_train_minus_test_ppts": -0.6896296296296356,
  "sigma_final_test_acc_pct_across_seeds": null,
  "seed": 43
}
