epoch,train_accuracy,train_loss,train_eval_loss,val_accuracy,val_loss,test_accuracy,test_loss
0,43.51481481481481,2.196708806883102,2.0940772085958184,43.05,2.0946282744407654,43.05,2.0946282744407654
1,62.916666666666664,1.9985690405018521,1.90161518406529,62.88333333333333,1.902672678232193,62.88333333333333,1.902672678232193
2,71.08888888888889,1.8057850994769995,1.7088839612300928,71.08333333333333,1.7104446937640507,71.08333333333333,1.7104446937640507
3,75.08703703703704,1.6153569707373308,1.522591908396138,74.95,1.5241556117932002,74.95,1.5241556117932002
4,77.92037037037036,1.4370928104454872,1.3538583511424855,77.88333333333334,1.355139950911204,77.88333333333334,1.355139950911204
