{
  "target_tau_val_acc_pct": 90.0,
  "target_tau_test_acc_pct": 90.0,
  "epochs_at_tau": 63,
  "final_train_acc_pct": 91.77222222222223,
  "final_train_loss_batch_mean": 0.3577189161596705,
  "final_train_loss_eval": 0.2898971625555183,
  "final_val_acc_pct": 91.38333333333334,
  "final_val_loss": 0.2902692587425311,
  "best_val_acc_pct": 91.38333333333334,
  "final_test_acc_pct": 92.06,
  "final_test_loss": 0.2774973314255476,
  "best_test_acc_pct": 91.38333333333334,
  "generalization_gap_train_minus_test_ppts": -0.2877777777777766,
  "sigma_final_test_acc_pct_across_seeds": null,
  "seed": 44
}
