{
  "target_tau_val_acc_pct": 90.0,
  "target_tau_test_acc_pct": 90.0,
  "epochs_at_tau": 70,
  "final_train_acc_pct": 91.58333333333333,
  "final_train_loss_batch_mean": 0.29161448197624695,
  "final_train_loss_eval": 0.2911675139484812,
  "final_val_acc_pct": 91.53333333333333,
  "final_val_loss": 0.29832711194952327,
  "best_val_acc_pct": 91.53333333333333,
  "final_test_acc_pct": 91.85,
  "final_test_loss": 0.2799708388280123,
  "best_test_acc_pct": 91.53333333333333,
  "generalization_gap_train_minus_test_ppts": -0.2666666666666657,
  "sigma_final_test_acc_pct_across_seeds": null,
  "seed": 43
}
