{
  "target_tau_val_acc_pct": 90.0,
  "target_tau_test_acc_pct": 90.0,
  "epochs_at_tau": 9,
  "final_train_acc_pct": 97.11296296296297,
  "final_train_loss_batch_mean": 0.11238443191158828,
  "final_train_loss_eval": 0.11149444487563806,
  "final_val_acc_pct": 96.16666666666667,
  "final_val_loss": 0.13714993869264921,
  "best_val_acc_pct": 96.16666666666667,
  "final_test_acc_pct": 96.36,
  "final_test_loss": 0.1253229842055589,
  "best_test_acc_pct": 96.16666666666667,
  "generalization_gap_train_minus_test_ppts": 0.7529629629629682,
  "sigma_final_test_acc_pct_across_seeds": null,
  "seed": 43
}
