{
  "target_tau_val_acc_pct": 90.0,
  "target_tau_test_acc_pct": 90.0,
  "epochs_at_tau": null,
  "final_train_acc_pct": 76.70925925925926,
  "final_train_loss_batch_mean": 1.4016948797126516,
  "final_train_loss_eval": 1.3200018518908894,
  "final_val_acc_pct": 76.23333333333333,
  "final_val_loss": 1.3218594193458557,
  "best_val_acc_pct": 76.23333333333333,
  "final_test_acc_pct": 78.19,
  "final_test_loss": 1.296674969792366,
  "best_test_acc_pct": 76.23333333333333,
  "generalization_gap_train_minus_test_ppts": -1.4807407407407425,
  "sigma_final_test_acc_pct_across_seeds": null,
  "seed": 44
}
