epoch,train_accuracy,train_loss,train_eval_loss,val_accuracy,val_loss,test_accuracy,test_loss
0,47.907407407407405,2.1794436237823342,2.071537766976379,47.35,2.0726753075917563,47.35,2.0726753075917563
1,64.27222222222223,1.972583691655742,1.8725095456245386,64.01666666666667,1.87413423260053,64.01666666666667,1.87413423260053
2,70.55185185185185,1.7736013687052432,1.6742139811764396,69.61666666666666,1.6761575192213058,69.61666666666666,1.6761575192213058
3,74.07962962962964,1.5796465506485853,1.4864439710056612,73.66666666666667,1.488423486550649,73.66666666666667,1.488423486550649
4,76.70925925925926,1.4016948797126516,1.3200018518908894,76.23333333333333,1.3218594193458557,76.23333333333333,1.3218594193458557
