epoch,train_accuracy,train_loss,train_eval_loss,val_accuracy,val_loss,test_accuracy,test_loss
0,43.52777777777778,2.2041859434679223,2.1008081865536656,42.733333333333334,2.1054169634977975,42.733333333333334,2.1054169634977975
1,60.25185185185185,2.0025332522053287,1.9019093101058526,59.0,1.9082726190487544,59.0,1.9082726190487544
2,67.57962962962964,1.802178784569293,1.701714880658552,66.7,1.709772601723671,66.7,1.709772601723671
3,72.03888888888889,1.6066001388133984,1.5131544626154605,71.36666666666666,1.5223524123430252,71.36666666666666,1.5223524123430252
4,74.82407407407408,1.4286821374396013,1.3472621152751254,74.63333333333334,1.3573629756768544,74.63333333333334,1.3573629756768544
