{
  "target_tau_val_acc_pct": 90.0,
  "target_tau_test_acc_pct": 90.0,
  "epochs_at_tau": null,
  "final_train_acc_pct": 74.82592592592593,
  "final_train_loss_batch_mean": 1.4288521756493084,
  "final_train_loss_eval": 1.3474519139782513,
  "final_val_acc_pct": 74.63333333333334,
  "final_val_loss": 1.3575505912303925,
  "best_val_acc_pct": 74.63333333333334,
  "final_test_acc_pct": 76.08,
  "final_test_loss": 1.329679748415947,
  "best_test_acc_pct": 74.63333333333334,
  "generalization_gap_train_minus_test_ppts": -1.2540740740740688,
  "sigma_final_test_acc_pct_across_seeds": null,
  "seed": 42
}
