epoch,train_accuracy,train_loss,train_eval_loss,val_accuracy,val_loss,test_accuracy,test_loss
0,43.525925925925925,2.204190280200181,2.1008215187850157,42.733333333333334,2.105429947376251,42.733333333333334,2.105429947376251
1,60.25185185185185,2.002563174301979,1.901958836198418,59.0,1.908321311076482,59.0,1.908321311076482
2,67.57962962962964,1.8022519231407563,1.7018135147637101,66.7,1.7098697274923325,66.7,1.7098697274923325
3,72.03703703703704,1.6067246831423863,1.5133027894802002,71.36666666666666,1.522498865922292,71.36666666666666,1.522498865922292
4,74.82592592592593,1.4288521756493084,1.3474519139782513,74.63333333333334,1.3575505912303925,74.63333333333334,1.3575505912303925
