{
  "target_tau_val_acc_pct": 90.0,
  "target_tau_test_acc_pct": 90.0,
  "epochs_at_tau": 65,
  "final_train_acc_pct": 91.76666666666667,
  "final_train_loss_batch_mean": 0.29039225462488655,
  "final_train_loss_eval": 0.2899248325288013,
  "final_val_acc_pct": 91.38333333333334,
  "final_val_loss": 0.2902804377178351,
  "best_val_acc_pct": 91.4,
  "final_test_acc_pct": 92.04,
  "final_test_loss": 0.27750596227124336,
  "best_test_acc_pct": 91.4,
  "generalization_gap_train_minus_test_ppts": -0.27333333333334053,
  "sigma_final_test_acc_pct_across_seeds": null,
  "seed": 44
}
