{
  "target_tau_test_acc_pct": 90.0,
  "epochs_at_tau": 51,
  "final_train_acc_pct": 92.00333333333333,
  "final_train_loss_batch_mean": 0.28202999240540444,
  "final_train_loss_eval": 0.2816333512042431,
  "final_test_acc_pct": 92.18,
  "final_test_loss": 0.2699979480355978,
  "best_test_acc_pct": 92.18,
  "generalization_gap_train_minus_test_ppts": -0.17666666666667652,
  "sigma_final_test_acc_pct_across_seeds": null,
  "seed": 44
}
