{
  "target_tau_val_acc_pct": 90.0,
  "target_tau_test_acc_pct": 90.0,
  "epochs_at_tau": 7,
  "final_train_acc_pct": 96.9037037037037,
  "final_train_loss_batch_mean": 0.11733642541825488,
  "final_train_loss_eval": 0.11611480922636827,
  "final_val_acc_pct": 96.21666666666667,
  "final_val_loss": 0.13680346806844076,
  "best_val_acc_pct": 96.21666666666667,
  "final_test_acc_pct": 96.22,
  "final_test_loss": 0.12927090274170042,
  "best_test_acc_pct": 96.21666666666667,
  "generalization_gap_train_minus_test_ppts": 0.6837037037036993,
  "sigma_final_test_acc_pct_across_seeds": null,
  "seed": 44
}
