{
  "target_tau_val_acc_pct": 90.0,
  "target_tau_test_acc_pct": 90.0,
  "epochs_at_tau": 67,
  "final_train_acc_pct": 92.08703703703704,
  "final_train_loss_batch_mean": 0.32727271043011363,
  "final_train_loss_eval": 0.27495079964258096,
  "final_val_acc_pct": 92.1,
  "final_val_loss": 0.28670922418435413,
  "best_val_acc_pct": 92.1,
  "final_test_acc_pct": 92.38,
  "final_test_loss": 0.26426950842142105,
  "best_test_acc_pct": 92.1,
  "generalization_gap_train_minus_test_ppts": -0.2929629629629602,
  "sigma_final_test_acc_pct_across_seeds": null,
  "seed": 42
}
