{
  "target_tau_val_acc_pct": 90.0,
  "target_tau_test_acc_pct": 90.0,
  "epochs_at_tau": 67,
  "final_train_acc_pct": 91.72777777777777,
  "final_train_loss_batch_mean": 0.3665453911675096,
  "final_train_loss_eval": 0.28883174047650884,
  "final_val_acc_pct": 91.51666666666667,
  "final_val_loss": 0.30408637163539726,
  "best_val_acc_pct": 91.51666666666667,
  "final_test_acc_pct": 91.95,
  "final_test_loss": 0.2785813787486404,
  "best_test_acc_pct": 91.51666666666667,
  "generalization_gap_train_minus_test_ppts": -0.22222222222222854,
  "sigma_final_test_acc_pct_across_seeds": null,
  "seed": 42
}
