{
  "target_tau_val_acc_pct": 90.0,
  "target_tau_test_acc_pct": 90.0,
  "epochs_at_tau": 70,
  "final_train_acc_pct": 91.58703703703704,
  "final_train_loss_batch_mean": 0.35039402417379534,
  "final_train_loss_eval": 0.29100295004403987,
  "final_val_acc_pct": 91.53333333333333,
  "final_val_loss": 0.2981859588374694,
  "best_val_acc_pct": 91.53333333333333,
  "final_test_acc_pct": 91.84,
  "final_test_loss": 0.27985940864309666,
  "best_test_acc_pct": 91.53333333333333,
  "generalization_gap_train_minus_test_ppts": -0.25296296296296816,
  "sigma_final_test_acc_pct_across_seeds": null,
  "seed": 43
}
