{
  "target_tau_val_acc_pct": 90.0,
  "target_tau_test_acc_pct": 90.0,
  "epochs_at_tau": 67,
  "final_train_acc_pct": 92.06666666666666,
  "final_train_loss_batch_mean": 0.32317569894248277,
  "final_train_loss_eval": 0.27476003561257184,
  "final_val_acc_pct": 92.11666666666666,
  "final_val_loss": 0.28669219464063644,
  "best_val_acc_pct": 92.11666666666666,
  "final_test_acc_pct": 92.38,
  "final_test_loss": 0.2641316710039973,
  "best_test_acc_pct": 92.11666666666666,
  "generalization_gap_train_minus_test_ppts": -0.3133333333333326,
  "sigma_final_test_acc_pct_across_seeds": null,
  "seed": 42
}
