{
  "target_tau_val_acc_pct": 90.0,
  "target_tau_test_acc_pct": 90.0,
  "epochs_at_tau": 76,
  "final_train_acc_pct": 92.14814814814815,
  "final_train_loss_batch_mean": 0.3224247778761443,
  "final_train_loss_eval": 0.2733029062149084,
  "final_val_acc_pct": 92.0,
  "final_val_loss": 0.27965562976896763,
  "best_val_acc_pct": 92.01666666666667,
  "final_test_acc_pct": 92.5,
  "final_test_loss": 0.26269510346464814,
  "best_test_acc_pct": 92.01666666666667,
  "generalization_gap_train_minus_test_ppts": -0.35185185185184764,
  "sigma_final_test_acc_pct_across_seeds": null,
  "seed": 43
}
