{
  "target_tau_val_acc_pct": 90.0,
  "target_tau_test_acc_pct": 90.0,
  "epochs_at_tau": 65,
  "final_train_acc_pct": 91.77037037037037,
  "final_train_loss_batch_mean": 0.2896232854274777,
  "final_train_loss_eval": 0.2891525126181508,
  "final_val_acc_pct": 91.41666666666667,
  "final_val_loss": 0.28957668133080006,
  "best_val_acc_pct": 91.41666666666667,
  "final_test_acc_pct": 92.08,
  "final_test_loss": 0.2768079887609929,
  "best_test_acc_pct": 91.41666666666667,
  "generalization_gap_train_minus_test_ppts": -0.3096296296296259,
  "sigma_final_test_acc_pct_across_seeds": null,
  "seed": 44
}
