{
  "trial": "trial_011",
  "proposal_source": "gp_ei",
  "candidate": {
    "l2_weight": 0.00018501719967505605
  },
  "resolved_overrides": {
    "order": 2,
    "do_neural_balance": false,
    "full_balance_at_start": false,
    "l2_weight": 0.00018501719967505605
  },
  "mean_final_val_acc_pct": 76.26666666666667,
  "mean_final_test_acc_pct": 77.63666666666667,
  "sigma_final_test_acc_pct_across_seeds": 1.362142919569505,
  "objective_name": "mean_final_val_acc_pct",
  "objective_value": 76.26666666666667,
  "per_seed_metrics": [
    {
      "target_tau_val_acc_pct": 90.0,
      "target_tau_test_acc_pct": 90.0,
      "epochs_at_tau": null,
      "final_train_acc_pct": 74.82592592592593,
      "final_train_loss_batch_mean": 1.4288521756493084,
      "final_train_loss_eval": 1.3474519139782513,
      "final_val_acc_pct": 74.63333333333334,
      "final_val_loss": 1.3575505912303925,
      "best_val_acc_pct": 74.63333333333334,
      "final_test_acc_pct": 76.08,
      "final_test_loss": 1.329679748415947,
      "best_test_acc_pct": 74.63333333333334,
      "generalization_gap_train_minus_test_ppts": -1.2540740740740688,
      "sigma_final_test_acc_pct_across_seeds": null,
      "seed": 42,
      "seed_dir": "/workspaces/Neural-Balance/experiments/mnist_fcn_regscomp/l2_reg_BO_smoke/trials/trial_011/seed_42"
    },
    {
      "target_tau_val_acc_pct": 90.0,
      "target_tau_test_acc_pct": 90.0,
      "epochs_at_tau": null,
      "final_train_acc_pct": 77.92777777777778,
      "final_train_loss_batch_mean": 1.4366008269278359,
      "final_train_loss_eval": 1.3533051285133542,
      "final_val_acc_pct": 77.91666666666667,
      "final_val_loss": 1.3545864721139271,
      "best_val_acc_pct": 77.91666666666667,
      "final_test_acc_pct": 78.61,
      "final_test_loss": 1.3338934391736985,
      "best_test_acc_pct": 77.91666666666667,
      "generalization_gap_train_minus_test_ppts": -0.6822222222222223,
      "sigma_final_test_acc_pct_across_seeds": null,
      "seed": 43,
      "seed_dir": "/workspaces/Neural-Balance/experiments/mnist_fcn_regscomp/l2_reg_BO_smoke/trials/trial_011/seed_43"
    },
    {
      "target_tau_val_acc_pct": 90.0,
      "target_tau_test_acc_pct": 90.0,
      "epochs_at_tau": null,
      "final_train_acc_pct": 76.73333333333333,
      "final_train_loss_batch_mean": 1.3994409252682003,
      "final_train_loss_eval": 1.317500283932799,
      "final_val_acc_pct": 76.25,
      "final_val_loss": 1.3193581302960713,
      "best_val_acc_pct": 76.25,
      "final_test_acc_pct": 78.22,
      "final_test_loss": 1.2941345512866973,
      "best_test_acc_pct": 76.25,
      "generalization_gap_train_minus_test_ppts": -1.4866666666666646,
      "sigma_final_test_acc_pct_across_seeds": null,
      "seed": 44,
      "seed_dir": "/workspaces/Neural-Balance/experiments/mnist_fcn_regscomp/l2_reg_BO_smoke/trials/trial_011/seed_44"
    }
  ]
}
