{
  "target_tau_val_acc_pct": 90.0,
  "target_tau_test_acc_pct": 90.0,
  "epochs_at_tau": 67,
  "final_train_acc_pct": 92.17777777777778,
  "final_train_loss_batch_mean": 0.31889240994555124,
  "final_train_loss_eval": 0.2730296557124757,
  "final_val_acc_pct": 92.33333333333333,
  "final_val_loss": 0.27115337053934735,
  "best_val_acc_pct": 92.33333333333333,
  "final_test_acc_pct": 92.54,
  "final_test_loss": 0.2604411017149687,
  "best_test_acc_pct": 92.33333333333333,
  "generalization_gap_train_minus_test_ppts": -0.3622222222222291,
  "sigma_final_test_acc_pct_across_seeds": null,
  "seed": 44
}
