{
  "target_tau_test_acc_pct": 90.0,
  "epochs_at_tau": 51,
  "final_train_acc_pct": 91.90333333333334,
  "final_train_loss_batch_mean": 0.28359138826106456,
  "final_train_loss_eval": 0.282941365432232,
  "final_test_acc_pct": 92.16,
  "final_test_loss": 0.27236124826595187,
  "best_test_acc_pct": 92.21,
  "generalization_gap_train_minus_test_ppts": -0.2566666666666606,
  "sigma_final_test_acc_pct_across_seeds": null,
  "seed": 43
}
