{
  "target_tau_val_acc_pct": 90.0,
  "target_tau_test_acc_pct": 90.0,
  "epochs_at_tau": 45,
  "final_train_acc_pct": 92.7074074074074,
  "final_train_loss_batch_mean": 0.25828022527468714,
  "final_train_loss_eval": 0.2577492055875995,
  "final_val_acc_pct": 92.56666666666666,
  "final_val_loss": 0.2678646327306827,
  "best_val_acc_pct": 92.56666666666666,
  "final_test_acc_pct": 92.74,
  "final_test_loss": 0.25174983786419036,
  "best_test_acc_pct": 92.56666666666666,
  "generalization_gap_train_minus_test_ppts": -0.03259259259259295,
  "sigma_final_test_acc_pct_across_seeds": null,
  "seed": 43
}
