{
  "target_tau_val_acc_pct": 90.0,
  "target_tau_test_acc_pct": 90.0,
  "epochs_at_tau": 67,
  "final_train_acc_pct": 91.14074074074074,
  "final_train_loss_batch_mean": 0.30715195898196146,
  "final_train_loss_eval": 0.3066067316379592,
  "final_val_acc_pct": 91.11666666666666,
  "final_val_loss": 0.31961819094916183,
  "best_val_acc_pct": 91.15,
  "final_test_acc_pct": 91.51,
  "final_test_loss": 0.29368216218426824,
  "best_test_acc_pct": 91.15,
  "generalization_gap_train_minus_test_ppts": -0.36925925925926606,
  "sigma_final_test_acc_pct_across_seeds": null,
  "seed": 42
}
