{
  "target_tau_test_acc_pct": 90.0,
  "epochs_at_tau": 51,
  "final_train_acc_pct": 91.90833333333333,
  "final_train_loss_batch_mean": 0.28329274350024286,
  "final_train_loss_eval": 0.2826415048634752,
  "final_test_acc_pct": 92.17,
  "final_test_loss": 0.272097217105329,
  "best_test_acc_pct": 92.21,
  "generalization_gap_train_minus_test_ppts": -0.26166666666667027,
  "sigma_final_test_acc_pct_across_seeds": null,
  "seed": 43
}
