{
  "target_tau_val_acc_pct": 90.0,
  "target_tau_test_acc_pct": 90.0,
  "epochs_at_tau": 67,
  "final_train_acc_pct": 91.66296296296296,
  "final_train_loss_batch_mean": 0.5194099066664257,
  "final_train_loss_eval": 0.2913275185919486,
  "final_val_acc_pct": 91.48333333333333,
  "final_val_loss": 0.30617122786740464,
  "best_val_acc_pct": 91.5,
  "final_test_acc_pct": 91.94,
  "final_test_loss": 0.280765581689775,
  "best_test_acc_pct": 91.5,
  "generalization_gap_train_minus_test_ppts": -0.277037037037033,
  "sigma_final_test_acc_pct_across_seeds": null,
  "seed": 42
}
