epoch,train_accuracy,train_loss,train_eval_loss,val_accuracy,val_loss,test_accuracy,test_loss
0,43.50925925925926,2.1967566250624815,2.0942198484429815,43.05,2.094770699739456,43.05,2.094770699739456
1,62.89074074074074,1.9988800027359153,1.902129630906887,62.88333333333333,1.9031858146190643,62.88333333333333,1.9031858146190643
2,71.07222222222222,1.8065479914723979,1.7099115775094778,71.06666666666666,1.7114706734816234,71.06666666666666,1.7114706734816234
3,75.06111111111112,1.6166538570729476,1.5241535365299026,74.91666666666667,1.52571639418602,74.91666666666667,1.52571639418602
4,77.87777777777778,1.438885788216975,1.355866693207438,77.85,1.3571492930253346,77.85,1.3571492930253346
