epoch,train_accuracy,train_loss,train_eval_loss,val_accuracy,val_loss,test_accuracy,test_loss
0,43.525925925925925,2.204193188680857,2.1008304058093032,42.733333333333334,2.105438679456711,42.733333333333334,2.105438679456711
1,60.25185185185185,2.002583083948253,1.9019922373984097,59.0,1.9083541731039684,59.0,1.9083541731039684
2,67.57592592592593,1.802300684259966,1.7018789448444311,66.7,1.7099342693885167,66.7,1.7099342693885167
3,72.03518518518518,1.6068067330319735,1.513401365958119,71.36666666666666,1.5225964138905208,71.36666666666666,1.5225964138905208
4,74.82407407407408,1.4289648849252277,1.347577691643159,74.63333333333334,1.3576753536860149,74.63333333333334,1.3576753536860149
