{
  "target_tau_val_acc_pct": 90.0,
  "target_tau_test_acc_pct": 90.0,
  "epochs_at_tau": 63,
  "final_train_acc_pct": 91.77222222222223,
  "final_train_loss_batch_mean": 0.2896837560345211,
  "final_train_loss_eval": 0.2892131021519973,
  "final_val_acc_pct": 91.41666666666667,
  "final_val_loss": 0.28963166537384194,
  "best_val_acc_pct": 91.41666666666667,
  "final_test_acc_pct": 92.08,
  "final_test_loss": 0.2768623719457537,
  "best_test_acc_pct": 91.41666666666667,
  "generalization_gap_train_minus_test_ppts": -0.3077777777777726,
  "sigma_final_test_acc_pct_across_seeds": null,
  "seed": 44
}
