{
  "target_tau_val_acc_pct": 90.0,
  "target_tau_test_acc_pct": 90.0,
  "epochs_at_tau": 8,
  "final_train_acc_pct": 97.17037037037036,
  "final_train_loss_batch_mean": 0.11034715850065105,
  "final_train_loss_eval": 0.10946837434836473,
  "final_val_acc_pct": 96.2,
  "final_val_loss": 0.13526146300137043,
  "best_val_acc_pct": 96.25,
  "final_test_acc_pct": 96.39,
  "final_test_loss": 0.12362694882322103,
  "best_test_acc_pct": 96.25,
  "generalization_gap_train_minus_test_ppts": 0.7803703703703633,
  "sigma_final_test_acc_pct_across_seeds": null,
  "seed": 43
}
