{
  "target_tau_test_acc_pct": 90.0,
  "epochs_at_tau": 46,
  "final_train_acc_pct": 91.86666666666666,
  "final_train_loss_batch_mean": 0.2864280717804077,
  "final_train_loss_eval": 0.2862976217523534,
  "final_test_acc_pct": 92.16,
  "final_test_loss": 0.27499650213867427,
  "best_test_acc_pct": 92.16,
  "generalization_gap_train_minus_test_ppts": -0.29333333333333655,
  "sigma_final_test_acc_pct_across_seeds": null,
  "seed": 42
}
