{
  "target_tau_val_acc_pct": 90.0,
  "target_tau_test_acc_pct": 90.0,
  "epochs_at_tau": 67,
  "final_train_acc_pct": 91.6462962962963,
  "final_train_loss_batch_mean": 0.2928726021994912,
  "final_train_loss_eval": 0.29240715750868285,
  "final_val_acc_pct": 91.43333333333334,
  "final_val_loss": 0.30724357068538666,
  "best_val_acc_pct": 91.43333333333334,
  "final_test_acc_pct": 91.89,
  "final_test_loss": 0.281678977701813,
  "best_test_acc_pct": 91.43333333333334,
  "generalization_gap_train_minus_test_ppts": -0.24370370370370154,
  "sigma_final_test_acc_pct_across_seeds": null,
  "seed": 42
}
