{
  "target_tau_val_acc_pct": 90.0,
  "target_tau_test_acc_pct": 90.0,
  "epochs_at_tau": 8,
  "final_train_acc_pct": 97.16296296296296,
  "final_train_loss_batch_mean": 0.11074294365271573,
  "final_train_loss_eval": 0.10985614913758508,
  "final_val_acc_pct": 96.2,
  "final_val_loss": 0.1356311533600092,
  "best_val_acc_pct": 96.21666666666667,
  "final_test_acc_pct": 96.39,
  "final_test_loss": 0.12398997102864087,
  "best_test_acc_pct": 96.21666666666667,
  "generalization_gap_train_minus_test_ppts": 0.7729629629629642,
  "sigma_final_test_acc_pct_across_seeds": null,
  "seed": 43
}
