epoch,train_accuracy,train_loss,train_eval_loss,val_accuracy,val_loss,test_accuracy,test_loss
0,43.51851851851852,2.1966929639120236,2.094030049174883,43.05,2.0945811669031777,43.05,2.0945811669031777
1,62.91851851851852,1.9984665481965125,1.901447472979107,62.88333333333333,1.9025050799051921,62.88333333333333,1.9025050799051921
2,71.1,1.8055370611037123,1.7085504396266846,71.08333333333333,1.710111493865649,71.08333333333333,1.710111493865649
3,75.10555555555555,1.6149366585564275,1.5220855107239637,74.95,1.523649459083875,74.95,1.523649459083875
4,77.92962962962963,1.436512295103751,1.3532094961094066,77.88333333333334,1.3544908116261165,77.88333333333334,1.3544908116261165
