{
  "target_tau_val_acc_pct": 90.0,
  "target_tau_test_acc_pct": 90.0,
  "epochs_at_tau": 65,
  "final_train_acc_pct": 90.34074074074074,
  "final_train_loss_batch_mean": 0.33798125089627307,
  "final_train_loss_eval": 0.3372665819539843,
  "final_val_acc_pct": 90.3,
  "final_val_loss": 0.3339078699549039,
  "best_val_acc_pct": 90.31666666666666,
  "final_test_acc_pct": 90.83,
  "final_test_loss": 0.3194317167624831,
  "best_test_acc_pct": 90.31666666666666,
  "generalization_gap_train_minus_test_ppts": -0.4892592592592564,
  "sigma_final_test_acc_pct_across_seeds": null,
  "seed": 44
}
