{
  "target_tau_val_acc_pct": 90.0,
  "target_tau_test_acc_pct": 90.0,
  "epochs_at_tau": 9,
  "final_train_acc_pct": 97.15555555555555,
  "final_train_loss_batch_mean": 0.1111608065523525,
  "final_train_loss_eval": 0.11027206722382121,
  "final_val_acc_pct": 96.18333333333334,
  "final_val_loss": 0.13601363512376943,
  "best_val_acc_pct": 96.21666666666667,
  "final_test_acc_pct": 96.37,
  "final_test_loss": 0.12433863803744316,
  "best_test_acc_pct": 96.21666666666667,
  "generalization_gap_train_minus_test_ppts": 0.7855555555555469,
  "sigma_final_test_acc_pct_across_seeds": null,
  "seed": 43
}
