{
  "target_tau_val_acc_pct": 90.0,
  "target_tau_test_acc_pct": 90.0,
  "epochs_at_tau": 9,
  "final_train_acc_pct": 97.1574074074074,
  "final_train_loss_batch_mean": 0.11094419077321252,
  "final_train_loss_eval": 0.11005583686215617,
  "final_val_acc_pct": 96.18333333333334,
  "final_val_loss": 0.13581797822068134,
  "best_val_acc_pct": 96.2,
  "final_test_acc_pct": 96.39,
  "final_test_loss": 0.1241455462295562,
  "best_test_acc_pct": 96.2,
  "generalization_gap_train_minus_test_ppts": 0.7674074074074042,
  "sigma_final_test_acc_pct_across_seeds": null,
  "seed": 43
}
