{
  "target_tau_val_acc_pct": 90.0,
  "target_tau_test_acc_pct": 90.0,
  "epochs_at_tau": 70,
  "final_train_acc_pct": 91.6,
  "final_train_loss_batch_mean": 0.2907832602471537,
  "final_train_loss_eval": 0.2903315410088589,
  "final_val_acc_pct": 91.51666666666667,
  "final_val_loss": 0.297586086516579,
  "best_val_acc_pct": 91.51666666666667,
  "final_test_acc_pct": 91.85,
  "final_test_loss": 0.2792346306610852,
  "best_test_acc_pct": 91.51666666666667,
  "generalization_gap_train_minus_test_ppts": -0.25,
  "sigma_final_test_acc_pct_across_seeds": null,
  "seed": 43
}
