{
  "trial": "trial_008",
  "proposal_source": "gp_ei",
  "candidate": {
    "l2_weight": 0.0005954725355671325
  },
  "resolved_overrides": {
    "order": 2,
    "do_neural_balance": false,
    "full_balance_at_start": false,
    "l2_weight": 0.0005954725355671325
  },
  "mean_final_val_acc_pct": 91.43888888888888,
  "mean_final_test_acc_pct": 91.94666666666666,
  "sigma_final_test_acc_pct_across_seeds": 0.10016652800877948,
  "objective_name": "mean_final_val_acc_pct",
  "objective_value": 91.43888888888888,
  "per_seed_metrics": [
    {
      "target_tau_val_acc_pct": 90.0,
      "target_tau_test_acc_pct": 90.0,
      "epochs_at_tau": 67,
      "final_train_acc_pct": 91.71111111111111,
      "final_train_loss_batch_mean": 0.28978750307413076,
      "final_train_loss_eval": 0.28930929733961114,
      "final_val_acc_pct": 91.45,
      "final_val_loss": 0.30454470713933307,
      "best_val_acc_pct": 91.46666666666667,
      "final_test_acc_pct": 91.94,
      "final_test_loss": 0.2789947333745658,
      "best_test_acc_pct": 91.46666666666667,
      "generalization_gap_train_minus_test_ppts": -0.22888888888888914,
      "sigma_final_test_acc_pct_across_seeds": null,
      "seed": 42,
      "seed_dir": "/workspaces/Neural-Balance/experiments/mnist_fcn_regscomp/l2_reg_BO/trials/trial_008/seed_42"
    },
    {
      "target_tau_val_acc_pct": 90.0,
      "target_tau_test_acc_pct": 90.0,
      "epochs_at_tau": 70,
      "final_train_acc_pct": 91.57592592592593,
      "final_train_loss_batch_mean": 0.2922262580473841,
      "final_train_loss_eval": 0.2917813939082114,
      "final_val_acc_pct": 91.48333333333333,
      "final_val_loss": 0.29886980665226776,
      "best_val_acc_pct": 91.48333333333333,
      "final_test_acc_pct": 91.85,
      "final_test_loss": 0.2805131281726062,
      "best_test_acc_pct": 91.48333333333333,
      "generalization_gap_train_minus_test_ppts": -0.2740740740740648,
      "sigma_final_test_acc_pct_across_seeds": null,
      "seed": 43,
      "seed_dir": "/workspaces/Neural-Balance/experiments/mnist_fcn_regscomp/l2_reg_BO/trials/trial_008/seed_43"
    },
    {
      "target_tau_val_acc_pct": 90.0,
      "target_tau_test_acc_pct": 90.0,
      "epochs_at_tau": 63,
      "final_train_acc_pct": 91.75740740740741,
      "final_train_loss_batch_mean": 0.2910140213243204,
      "final_train_loss_eval": 0.29054913616858385,
      "final_val_acc_pct": 91.38333333333334,
      "final_val_loss": 0.29085225487748784,
      "best_val_acc_pct": 91.38333333333334,
      "final_test_acc_pct": 92.05,
      "final_test_loss": 0.2780667728744447,
      "best_test_acc_pct": 91.38333333333334,
      "generalization_gap_train_minus_test_ppts": -0.29259259259258386,
      "sigma_final_test_acc_pct_across_seeds": null,
      "seed": 44,
      "seed_dir": "/workspaces/Neural-Balance/experiments/mnist_fcn_regscomp/l2_reg_BO/trials/trial_008/seed_44"
    }
  ]
}
