{
  "target_tau_val_acc_pct": 90.0,
  "target_tau_test_acc_pct": 90.0,
  "epochs_at_tau": 73,
  "final_train_acc_pct": 91.53703703703704,
  "final_train_loss_batch_mean": 0.5217256476811323,
  "final_train_loss_eval": 0.2936336580328467,
  "final_val_acc_pct": 91.41666666666667,
  "final_val_loss": 0.30052882929642993,
  "best_val_acc_pct": 91.46666666666667,
  "final_test_acc_pct": 91.84,
  "final_test_loss": 0.282199037540704,
  "best_test_acc_pct": 91.46666666666667,
  "generalization_gap_train_minus_test_ppts": -0.3029629629629653,
  "sigma_final_test_acc_pct_across_seeds": null,
  "seed": 43
}
