{
  "target_tau_val_acc_pct": 90.0,
  "target_tau_test_acc_pct": 90.0,
  "epochs_at_tau": 67,
  "final_train_acc_pct": 91.5,
  "final_train_loss_batch_mean": 0.29555482484435586,
  "final_train_loss_eval": 0.29514356826153976,
  "final_val_acc_pct": 91.31666666666666,
  "final_val_loss": 0.3095991524557273,
  "best_val_acc_pct": 91.36666666666666,
  "final_test_acc_pct": 91.79,
  "final_test_loss": 0.2837720818351954,
  "best_test_acc_pct": 91.36666666666666,
  "generalization_gap_train_minus_test_ppts": -0.29000000000000625,
  "sigma_final_test_acc_pct_across_seeds": null,
  "seed": 42
}
