{
  "target_tau_val_acc_pct": 90.0,
  "target_tau_test_acc_pct": 90.0,
  "epochs_at_tau": 67,
  "final_train_acc_pct": 92.17962962962963,
  "final_train_loss_batch_mean": 0.3188762299681162,
  "final_train_loss_eval": 0.2730286259786778,
  "final_val_acc_pct": 92.33333333333333,
  "final_val_loss": 0.27115204247335595,
  "best_val_acc_pct": 92.33333333333333,
  "final_test_acc_pct": 92.55,
  "final_test_loss": 0.2604417041875422,
  "best_test_acc_pct": 92.33333333333333,
  "generalization_gap_train_minus_test_ppts": -0.3703703703703667,
  "sigma_final_test_acc_pct_across_seeds": null,
  "seed": 44
}
