{
  "target_tau_val_acc_pct": 90.0,
  "target_tau_test_acc_pct": 90.0,
  "epochs_at_tau": 8,
  "final_train_acc_pct": 96.93333333333334,
  "final_train_loss_batch_mean": 0.11760547008559602,
  "final_train_loss_eval": 0.11675055941204888,
  "final_val_acc_pct": 95.96666666666667,
  "final_val_loss": 0.14971596002578735,
  "best_val_acc_pct": 95.96666666666667,
  "final_test_acc_pct": 96.32,
  "final_test_loss": 0.13015743014402686,
  "best_test_acc_pct": 95.96666666666667,
  "generalization_gap_train_minus_test_ppts": 0.6133333333333439,
  "sigma_final_test_acc_pct_across_seeds": null,
  "seed": 42
}
