{
  "target_tau_val_acc_pct": 90.0,
  "target_tau_test_acc_pct": 90.0,
  "epochs_at_tau": 36,
  "final_train_acc_pct": 92.66666666666667,
  "final_train_loss_batch_mean": 0.26179055876641477,
  "final_train_loss_eval": 0.2612568817997431,
  "final_val_acc_pct": 92.25,
  "final_val_loss": 0.2788253650069237,
  "best_val_acc_pct": 92.26666666666667,
  "final_test_acc_pct": 92.71,
  "final_test_loss": 0.2561444672755897,
  "best_test_acc_pct": 92.26666666666667,
  "generalization_gap_train_minus_test_ppts": -0.043333333333322344,
  "sigma_final_test_acc_pct_across_seeds": null,
  "seed": 42
}
