{
  "target_tau_val_acc_pct": 90.0,
  "target_tau_test_acc_pct": 90.0,
  "epochs_at_tau": 70,
  "final_train_acc_pct": 91.57592592592593,
  "final_train_loss_batch_mean": 0.2922262580473841,
  "final_train_loss_eval": 0.2917813939082114,
  "final_val_acc_pct": 91.48333333333333,
  "final_val_loss": 0.29886980665226776,
  "best_val_acc_pct": 91.48333333333333,
  "final_test_acc_pct": 91.85,
  "final_test_loss": 0.2805131281726062,
  "best_test_acc_pct": 91.48333333333333,
  "generalization_gap_train_minus_test_ppts": -0.2740740740740648,
  "sigma_final_test_acc_pct_across_seeds": null,
  "seed": 43
}
