epoch,train_accuracy,train_loss,train_eval_loss,val_accuracy,val_loss,test_accuracy,test_loss
0,47.91481481481482,2.179373709511418,2.0713336648534257,47.38333333333333,2.072472165028254,47.38333333333333,2.072472165028254
1,64.28703703703704,1.9721489144727518,1.8718019339710614,64.01666666666667,1.8734293679396312,64.01666666666667,1.8734293679396312
2,70.56111111111112,1.772569356936414,1.672839499762838,69.63333333333334,1.674786741534869,69.63333333333334,1.674786741534869
3,74.0962962962963,1.5779371843518804,1.4844084627820417,73.68333333333334,1.4863910526037216,73.68333333333334,1.4863910526037216
4,76.73333333333333,1.3993816053697847,1.317434205263147,76.25,1.319292038679123,76.25,1.319292038679123
