{
  "target_tau_val_acc_pct": 90.0,
  "target_tau_test_acc_pct": 90.0,
  "epochs_at_tau": 65,
  "final_train_acc_pct": 92.12962962962963,
  "final_train_loss_batch_mean": 0.3011522581227018,
  "final_train_loss_eval": 0.27512118389821166,
  "final_val_acc_pct": 92.15,
  "final_val_loss": 0.2741363700479269,
  "best_val_acc_pct": 92.15,
  "final_test_acc_pct": 92.46,
  "final_test_loss": 0.2630361139308661,
  "best_test_acc_pct": 92.15,
  "generalization_gap_train_minus_test_ppts": -0.33037037037036043,
  "sigma_final_test_acc_pct_across_seeds": null,
  "seed": 44
}
