{
  "target_tau_val_acc_pct": 90.0,
  "target_tau_test_acc_pct": 90.0,
  "epochs_at_tau": 65,
  "final_train_acc_pct": 91.7388888888889,
  "final_train_loss_batch_mean": 0.46237993522842913,
  "final_train_loss_eval": 0.291550834879491,
  "final_val_acc_pct": 91.36666666666666,
  "final_val_loss": 0.29180368408560753,
  "best_val_acc_pct": 91.38333333333334,
  "final_test_acc_pct": 91.98,
  "final_test_loss": 0.2789987107738853,
  "best_test_acc_pct": 91.38333333333334,
  "generalization_gap_train_minus_test_ppts": -0.24111111111110972,
  "sigma_final_test_acc_pct_across_seeds": null,
  "seed": 44
}
