{
  "target_tau_test_acc_pct": 90.0,
  "epochs_at_tau": 52,
  "final_train_acc_pct": 91.87333333333333,
  "final_train_loss_batch_mean": 0.2881360393255315,
  "final_train_loss_eval": 0.2877825433903552,
  "final_test_acc_pct": 92.13,
  "final_test_loss": 0.2755330675281584,
  "best_test_acc_pct": 92.13,
  "generalization_gap_train_minus_test_ppts": -0.2566666666666606,
  "sigma_final_test_acc_pct_across_seeds": null,
  "seed": 44
}
