{
  "target_tau_val_acc_pct": 90.0,
  "target_tau_test_acc_pct": 90.0,
  "epochs_at_tau": 65,
  "final_train_acc_pct": 91.64074074074074,
  "final_train_loss_batch_mean": 0.29599896122776503,
  "final_train_loss_eval": 0.2955538465937167,
  "final_val_acc_pct": 91.3,
  "final_val_loss": 0.29546912883718807,
  "best_val_acc_pct": 91.36666666666666,
  "final_test_acc_pct": 91.89,
  "final_test_loss": 0.28258362133055925,
  "best_test_acc_pct": 91.36666666666666,
  "generalization_gap_train_minus_test_ppts": -0.2492592592592615,
  "sigma_final_test_acc_pct_across_seeds": null,
  "seed": 44
}
