{
  "target_tau_val_acc_pct": 90.0,
  "target_tau_test_acc_pct": 90.0,
  "epochs_at_tau": 69,
  "final_train_acc_pct": 91.35740740740741,
  "final_train_loss_batch_mean": 0.9677854428924091,
  "final_train_loss_eval": 0.30927780002214333,
  "final_val_acc_pct": 91.18333333333334,
  "final_val_loss": 0.30865034212668735,
  "best_val_acc_pct": 91.18333333333334,
  "final_test_acc_pct": 91.7,
  "final_test_loss": 0.29499601861462,
  "best_test_acc_pct": 91.18333333333334,
  "generalization_gap_train_minus_test_ppts": -0.3425925925925952,
  "sigma_final_test_acc_pct_across_seeds": null,
  "seed": 44
}
