{
  "target_tau_val_acc_pct": 90.0,
  "target_tau_test_acc_pct": 90.0,
  "epochs_at_tau": null,
  "final_train_acc_pct": 76.73518518518519,
  "final_train_loss_batch_mean": 1.3993357939742752,
  "final_train_loss_eval": 1.317383883688687,
  "final_val_acc_pct": 76.26666666666667,
  "final_val_loss": 1.3192416230837505,
  "best_val_acc_pct": 76.26666666666667,
  "final_test_acc_pct": 78.22,
  "final_test_loss": 1.2940161406993866,
  "best_test_acc_pct": 76.26666666666667,
  "generalization_gap_train_minus_test_ppts": -1.4848148148148113,
  "sigma_final_test_acc_pct_across_seeds": null,
  "seed": 44
}
