{
  "target_tau_val_acc_pct": 90.0,
  "target_tau_test_acc_pct": 90.0,
  "epochs_at_tau": 65,
  "final_train_acc_pct": 92.11666666666666,
  "final_train_loss_batch_mean": 0.2984139848659389,
  "final_train_loss_eval": 0.2762771716332549,
  "final_val_acc_pct": 92.06666666666666,
  "final_val_loss": 0.2755977275470893,
  "best_val_acc_pct": 92.1,
  "final_test_acc_pct": 92.41,
  "final_test_loss": 0.2642623884603381,
  "best_test_acc_pct": 92.1,
  "generalization_gap_train_minus_test_ppts": -0.29333333333333655,
  "sigma_final_test_acc_pct_across_seeds": null,
  "seed": 44
}
