{
  "target_tau_test_acc_pct": 90.0,
  "epochs_at_tau": 46,
  "final_train_acc_pct": 91.95333333333333,
  "final_train_loss_batch_mean": 0.2820297272281444,
  "final_train_loss_eval": 0.28188187613132154,
  "final_test_acc_pct": 92.27,
  "final_test_loss": 0.27112433724105356,
  "best_test_acc_pct": 92.27,
  "generalization_gap_train_minus_test_ppts": -0.3166666666666629,
  "sigma_final_test_acc_pct_across_seeds": null,
  "seed": 42
}
