{
  "target_tau_val_acc_pct": 90.0,
  "target_tau_test_acc_pct": 90.0,
  "epochs_at_tau": 70,
  "final_train_acc_pct": 91.58518518518518,
  "final_train_loss_batch_mean": 0.3590747064323787,
  "final_train_loss_eval": 0.2911105603685876,
  "final_val_acc_pct": 91.53333333333333,
  "final_val_loss": 0.2982834397504727,
  "best_val_acc_pct": 91.53333333333333,
  "final_test_acc_pct": 91.84,
  "final_test_loss": 0.279960879124701,
  "best_test_acc_pct": 91.53333333333333,
  "generalization_gap_train_minus_test_ppts": -0.2548148148148215,
  "sigma_final_test_acc_pct_across_seeds": null,
  "seed": 43
}
