{
  "target_tau_val_acc_pct": 90.0,
  "target_tau_test_acc_pct": 90.0,
  "epochs_at_tau": 67,
  "final_train_acc_pct": 91.74259259259259,
  "final_train_loss_batch_mean": 0.2883010856913164,
  "final_train_loss_eval": 0.2878152040932416,
  "final_val_acc_pct": 91.5,
  "final_val_loss": 0.30325342776874703,
  "best_val_acc_pct": 91.5,
  "final_test_acc_pct": 91.96,
  "final_test_loss": 0.27769296020269396,
  "best_test_acc_pct": 91.5,
  "generalization_gap_train_minus_test_ppts": -0.21740740740740705,
  "sigma_final_test_acc_pct_across_seeds": null,
  "seed": 42
}
