{
  "target_tau_test_acc_pct": 90.0,
  "epochs_at_tau": 46,
  "final_train_acc_pct": 91.90666666666667,
  "final_train_loss_batch_mean": 0.2842068817387236,
  "final_train_loss_eval": 0.28406725411719463,
  "final_test_acc_pct": 92.21,
  "final_test_loss": 0.27303663920611143,
  "best_test_acc_pct": 92.21,
  "generalization_gap_train_minus_test_ppts": -0.30333333333332746,
  "sigma_final_test_acc_pct_across_seeds": null,
  "seed": 42
}
