{
  "target_tau_val_acc_pct": 90.0,
  "target_tau_test_acc_pct": 90.0,
  "epochs_at_tau": 70,
  "final_train_acc_pct": 91.5962962962963,
  "final_train_loss_batch_mean": 0.29092132225985773,
  "final_train_loss_eval": 0.2904704059893486,
  "final_val_acc_pct": 91.53333333333333,
  "final_val_loss": 0.29770726958910626,
  "best_val_acc_pct": 91.53333333333333,
  "final_test_acc_pct": 91.85,
  "final_test_loss": 0.27935542897321286,
  "best_test_acc_pct": 91.53333333333333,
  "generalization_gap_train_minus_test_ppts": -0.25370370370369244,
  "sigma_final_test_acc_pct_across_seeds": null,
  "seed": 43
}
