{
  "target_tau_val_acc_pct": 90.0,
  "target_tau_test_acc_pct": 90.0,
  "epochs_at_tau": 70,
  "final_train_acc_pct": 90.99444444444444,
  "final_train_loss_batch_mean": 0.3138075212449259,
  "final_train_loss_eval": 0.3133079343214984,
  "final_val_acc_pct": 90.88333333333334,
  "final_val_loss": 0.3185597850630681,
  "best_val_acc_pct": 90.9,
  "final_test_acc_pct": 91.52,
  "final_test_loss": 0.29916261602193117,
  "best_test_acc_pct": 90.9,
  "generalization_gap_train_minus_test_ppts": -0.525555555555556,
  "sigma_final_test_acc_pct_across_seeds": null,
  "seed": 43
}
