{
  "target_tau_val_acc_pct": 90.0,
  "target_tau_test_acc_pct": 90.0,
  "epochs_at_tau": 8,
  "final_train_acc_pct": 96.89259259259259,
  "final_train_loss_batch_mean": 0.11891428910866733,
  "final_train_loss_eval": 0.11806458845663975,
  "final_val_acc_pct": 95.93333333333334,
  "final_val_loss": 0.15086572182675204,
  "best_val_acc_pct": 95.93333333333334,
  "final_test_acc_pct": 96.33,
  "final_test_loss": 0.13127741166390478,
  "best_test_acc_pct": 95.93333333333334,
  "generalization_gap_train_minus_test_ppts": 0.5625925925925941,
  "sigma_final_test_acc_pct_across_seeds": null,
  "seed": 42
}
