{
  "target_tau_val_acc_pct": 90.0,
  "target_tau_test_acc_pct": 90.0,
  "epochs_at_tau": 67,
  "final_train_acc_pct": 91.74444444444444,
  "final_train_loss_batch_mean": 0.28838961130069896,
  "final_train_loss_eval": 0.2879040655084131,
  "final_val_acc_pct": 91.5,
  "final_val_loss": 0.3033341933041811,
  "best_val_acc_pct": 91.5,
  "final_test_acc_pct": 91.95,
  "final_test_loss": 0.27777256700210273,
  "best_test_acc_pct": 91.5,
  "generalization_gap_train_minus_test_ppts": -0.20555555555556282,
  "sigma_final_test_acc_pct_across_seeds": null,
  "seed": 42
}
