{
  "target_tau_val_acc_pct": 90.0,
  "target_tau_test_acc_pct": 90.0,
  "epochs_at_tau": 9,
  "final_train_acc_pct": 97.10555555555555,
  "final_train_loss_batch_mean": 0.11259181417913233,
  "final_train_loss_eval": 0.111695514294491,
  "final_val_acc_pct": 96.15,
  "final_val_loss": 0.13728668230275312,
  "best_val_acc_pct": 96.16666666666667,
  "final_test_acc_pct": 96.35,
  "final_test_loss": 0.12548823012039065,
  "best_test_acc_pct": 96.16666666666667,
  "generalization_gap_train_minus_test_ppts": 0.75555555555556,
  "sigma_final_test_acc_pct_across_seeds": null,
  "seed": 43
}
