{
  "target_tau_val_acc_pct": 90.0,
  "target_tau_test_acc_pct": 90.0,
  "epochs_at_tau": 65,
  "final_train_acc_pct": 92.02592592592593,
  "final_train_loss_batch_mean": 0.29389580766454126,
  "final_train_loss_eval": 0.279483328004019,
  "final_val_acc_pct": 91.9,
  "final_val_loss": 0.27916968675951165,
  "best_val_acc_pct": 91.95,
  "final_test_acc_pct": 92.38,
  "final_test_loss": 0.26750959386117756,
  "best_test_acc_pct": 91.95,
  "generalization_gap_train_minus_test_ppts": -0.3540740740740631,
  "sigma_final_test_acc_pct_across_seeds": null,
  "seed": 44
}
