{
  "target_tau_val_acc_pct": 90.0,
  "target_tau_test_acc_pct": 90.0,
  "epochs_at_tau": 65,
  "final_train_acc_pct": 91.77037037037037,
  "final_train_loss_batch_mean": 0.33022117000338025,
  "final_train_loss_eval": 0.2895371102467532,
  "final_val_acc_pct": 91.38333333333334,
  "final_val_loss": 0.28993404656648636,
  "best_val_acc_pct": 91.4,
  "final_test_acc_pct": 92.07,
  "final_test_loss": 0.2771675208583474,
  "best_test_acc_pct": 91.4,
  "generalization_gap_train_minus_test_ppts": -0.2996296296296208,
  "sigma_final_test_acc_pct_across_seeds": null,
  "seed": 44
}
