{
  "trial": "trial_010",
  "proposal_source": "gp_ei",
  "candidate": {
    "l2_weight": 7.503990246105335e-05
  },
  "resolved_overrides": {
    "order": 2,
    "do_neural_balance": false,
    "full_balance_at_start": false,
    "l2_weight": 7.503990246105335e-05
  },
  "mean_final_val_acc_pct": 76.26111111111112,
  "mean_final_test_acc_pct": 77.63666666666667,
  "sigma_final_test_acc_pct_across_seeds": 1.362142919569505,
  "objective_name": "mean_final_val_acc_pct",
  "objective_value": 76.26111111111112,
  "per_seed_metrics": [
    {
      "target_tau_val_acc_pct": 90.0,
      "target_tau_test_acc_pct": 90.0,
      "epochs_at_tau": null,
      "final_train_acc_pct": 74.82407407407408,
      "final_train_loss_batch_mean": 1.4287452635606883,
      "final_train_loss_eval": 1.3473319148565355,
      "final_val_acc_pct": 74.63333333333334,
      "final_val_loss": 1.3574320326248805,
      "best_val_acc_pct": 74.63333333333334,
      "final_test_acc_pct": 76.08,
      "final_test_loss": 1.329557839035988,
      "best_test_acc_pct": 74.63333333333334,
      "generalization_gap_train_minus_test_ppts": -1.2559259259259221,
      "sigma_final_test_acc_pct_across_seeds": null,
      "seed": 42,
      "seed_dir": "/workspaces/Neural-Balance/experiments/mnist_fcn_regscomp/l2_reg_BO_smoke/trials/trial_010/seed_42"
    },
    {
      "target_tau_val_acc_pct": 90.0,
      "target_tau_test_acc_pct": 90.0,
      "epochs_at_tau": null,
      "final_train_acc_pct": 77.92962962962963,
      "final_train_loss_batch_mean": 1.436512295103751,
      "final_train_loss_eval": 1.3532094961094066,
      "final_val_acc_pct": 77.88333333333334,
      "final_val_loss": 1.3544908116261165,
      "best_val_acc_pct": 77.88333333333334,
      "final_test_acc_pct": 78.61,
      "final_test_loss": 1.333795401453972,
      "best_test_acc_pct": 77.88333333333334,
      "generalization_gap_train_minus_test_ppts": -0.680370370370369,
      "sigma_final_test_acc_pct_across_seeds": null,
      "seed": 43,
      "seed_dir": "/workspaces/Neural-Balance/experiments/mnist_fcn_regscomp/l2_reg_BO_smoke/trials/trial_010/seed_43"
    },
    {
      "target_tau_val_acc_pct": 90.0,
      "target_tau_test_acc_pct": 90.0,
      "epochs_at_tau": null,
      "final_train_acc_pct": 76.73518518518519,
      "final_train_loss_batch_mean": 1.399335780414925,
      "final_train_loss_eval": 1.3173838718242554,
      "final_val_acc_pct": 76.26666666666667,
      "final_val_loss": 1.3192416081825893,
      "best_val_acc_pct": 76.26666666666667,
      "final_test_acc_pct": 78.22,
      "final_test_loss": 1.294016107916832,
      "best_test_acc_pct": 76.26666666666667,
      "generalization_gap_train_minus_test_ppts": -1.4848148148148113,
      "sigma_final_test_acc_pct_across_seeds": null,
      "seed": 44,
      "seed_dir": "/workspaces/Neural-Balance/experiments/mnist_fcn_regscomp/l2_reg_BO_smoke/trials/trial_010/seed_44"
    }
  ]
}
