{
  "target_tau_val_acc_pct": 90.0,
  "target_tau_test_acc_pct": 90.0,
  "epochs_at_tau": 74,
  "final_train_acc_pct": 92.17777777777778,
  "final_train_loss_batch_mean": 0.30952592561312764,
  "final_train_loss_eval": 0.2731879354935687,
  "final_val_acc_pct": 92.06666666666666,
  "final_val_loss": 0.27949556708335876,
  "best_val_acc_pct": 92.08333333333333,
  "final_test_acc_pct": 92.43,
  "final_test_loss": 0.26278174770995977,
  "best_test_acc_pct": 92.08333333333333,
  "generalization_gap_train_minus_test_ppts": -0.2522222222222297,
  "sigma_final_test_acc_pct_across_seeds": null,
  "seed": 43
}
