{
  "target_tau_val_acc_pct": 90.0,
  "target_tau_test_acc_pct": 90.0,
  "epochs_at_tau": 63,
  "final_train_acc_pct": 91.75740740740741,
  "final_train_loss_batch_mean": 0.2910140213243204,
  "final_train_loss_eval": 0.29054913616858385,
  "final_val_acc_pct": 91.38333333333334,
  "final_val_loss": 0.29085225487748784,
  "best_val_acc_pct": 91.38333333333334,
  "final_test_acc_pct": 92.05,
  "final_test_loss": 0.2780667728744447,
  "best_test_acc_pct": 91.38333333333334,
  "generalization_gap_train_minus_test_ppts": -0.29259259259258386,
  "sigma_final_test_acc_pct_across_seeds": null,
  "seed": 44
}
