epoch,train_accuracy,train_loss,train_eval_loss,val_accuracy,val_loss,test_accuracy,test_loss
0,43.522222222222226,2.1966913627787226,2.094025287582976,43.05,2.094576378663381,43.05,2.094576378663381
1,62.91851851851852,1.9984556747273812,1.9014293763309857,62.88333333333333,1.9024870097637177,62.88333333333333,1.9024870097637177
2,71.10185185185185,1.8055098209335905,1.708513617515564,71.06666666666666,1.710074742635091,71.06666666666666,1.710074742635091
3,75.10925925925926,1.6148901505492874,1.5220299190819546,74.95,1.523593897620837,74.95,1.523593897620837
4,77.92962962962963,1.4364483661561216,1.3531384897458045,77.88333333333334,1.3544198274612427,77.88333333333334,1.3544198274612427
