{
  "target_tau_test_acc_pct": 90.0,
  "epochs_at_tau": 51,
  "final_train_acc_pct": 91.89166666666667,
  "final_train_loss_batch_mean": 0.28412516377073654,
  "final_train_loss_eval": 0.2834776180221679,
  "final_test_acc_pct": 92.16,
  "final_test_loss": 0.2728286988567561,
  "best_test_acc_pct": 92.21,
  "generalization_gap_train_minus_test_ppts": -0.26833333333333087,
  "sigma_final_test_acc_pct_across_seeds": null,
  "seed": 43
}
