{
  "trial": "trial_003",
  "proposal_source": "random_init",
  "candidate": {
    "l2_weight": 0.0018055017725088125
  },
  "resolved_overrides": {
    "order": 2,
    "do_neural_balance": false,
    "full_balance_at_start": false,
    "l2_weight": 0.0018055017725088125
  },
  "mean_final_val_acc_pct": 91.38333333333333,
  "mean_final_test_acc_pct": 91.88,
  "sigma_final_test_acc_pct_across_seeds": 0.05567764362830701,
  "objective_name": "mean_final_val_acc_pct",
  "objective_value": 91.38333333333333,
  "per_seed_metrics": [
    {
      "target_tau_val_acc_pct": 90.0,
      "target_tau_test_acc_pct": 90.0,
      "epochs_at_tau": 67,
      "final_train_acc_pct": 91.6462962962963,
      "final_train_loss_batch_mean": 0.2928726021994912,
      "final_train_loss_eval": 0.29240715750868285,
      "final_val_acc_pct": 91.43333333333334,
      "final_val_loss": 0.30724357068538666,
      "best_val_acc_pct": 91.43333333333334,
      "final_test_acc_pct": 91.89,
      "final_test_loss": 0.281678977701813,
      "best_test_acc_pct": 91.43333333333334,
      "generalization_gap_train_minus_test_ppts": -0.24370370370370154,
      "sigma_final_test_acc_pct_across_seeds": null,
      "seed": 42,
      "seed_dir": "/workspaces/Neural-Balance/experiments/mnist_fcn_regscomp/l2_reg_BO/trials/trial_003/seed_42"
    },
    {
      "target_tau_val_acc_pct": 90.0,
      "target_tau_test_acc_pct": 90.0,
      "epochs_at_tau": 73,
      "final_train_acc_pct": 91.49444444444444,
      "final_train_loss_batch_mean": 0.29531586537428944,
      "final_train_loss_eval": 0.2948849423660486,
      "final_val_acc_pct": 91.4,
      "final_val_loss": 0.30161877659459907,
      "best_val_acc_pct": 91.48333333333333,
      "final_test_acc_pct": 91.82,
      "final_test_loss": 0.2832561856135726,
      "best_test_acc_pct": 91.48333333333333,
      "generalization_gap_train_minus_test_ppts": -0.32555555555555316,
      "sigma_final_test_acc_pct_across_seeds": null,
      "seed": 43,
      "seed_dir": "/workspaces/Neural-Balance/experiments/mnist_fcn_regscomp/l2_reg_BO/trials/trial_003/seed_43"
    },
    {
      "target_tau_val_acc_pct": 90.0,
      "target_tau_test_acc_pct": 90.0,
      "epochs_at_tau": 65,
      "final_train_acc_pct": 91.68888888888888,
      "final_train_loss_batch_mean": 0.29419334345801745,
      "final_train_loss_eval": 0.2937414271147895,
      "final_val_acc_pct": 91.31666666666666,
      "final_val_loss": 0.29379000701010227,
      "best_val_acc_pct": 91.35,
      "final_test_acc_pct": 91.93,
      "final_test_loss": 0.2809474990703166,
      "best_test_acc_pct": 91.35,
      "generalization_gap_train_minus_test_ppts": -0.24111111111112393,
      "sigma_final_test_acc_pct_across_seeds": null,
      "seed": 44,
      "seed_dir": "/workspaces/Neural-Balance/experiments/mnist_fcn_regscomp/l2_reg_BO/trials/trial_003/seed_44"
    }
  ]
}
