{
  "trial": "trial_008",
  "proposal_source": "gp_ei",
  "candidate": {
    "dropout_rate": 0.4132316362954793
  },
  "resolved_overrides": {
    "order": 2,
    "l2_weight": 0.0,
    "do_neural_balance": false,
    "full_balance_at_start": false,
    "dropout_rate": 0.4132316362954793
  },
  "mean_final_val_acc_pct": 92.12777777777778,
  "mean_final_test_acc_pct": 92.46666666666665,
  "sigma_final_test_acc_pct_across_seeds": 0.08504900548115472,
  "objective_name": "mean_final_val_acc_pct",
  "objective_value": 92.12777777777778,
  "per_seed_metrics": [
    {
      "target_tau_val_acc_pct": 90.0,
      "target_tau_test_acc_pct": 90.0,
      "epochs_at_tau": 66,
      "final_train_acc_pct": 92.08148148148148,
      "final_train_loss_batch_mean": 0.31759962262983005,
      "final_train_loss_eval": 0.27463554968766124,
      "final_val_acc_pct": 92.01666666666667,
      "final_val_loss": 0.28678224235773087,
      "best_val_acc_pct": 92.01666666666667,
      "final_test_acc_pct": 92.38,
      "final_test_loss": 0.26406516321003437,
      "best_test_acc_pct": 92.01666666666667,
      "generalization_gap_train_minus_test_ppts": -0.2985185185185202,
      "sigma_final_test_acc_pct_across_seeds": null,
      "seed": 42,
      "seed_dir": "/workspaces/Neural-Balance/experiments/mnist_fcn_regscomp/dropout_BO/trials/trial_008/seed_42"
    },
    {
      "target_tau_val_acc_pct": 90.0,
      "target_tau_test_acc_pct": 90.0,
      "epochs_at_tau": 74,
      "final_train_acc_pct": 92.15925925925926,
      "final_train_loss_batch_mean": 0.3162736733095341,
      "final_train_loss_eval": 0.2730488505267419,
      "final_val_acc_pct": 92.06666666666666,
      "final_val_loss": 0.27940074478586513,
      "best_val_acc_pct": 92.06666666666666,
      "final_test_acc_pct": 92.47,
      "final_test_loss": 0.26249218015000225,
      "best_test_acc_pct": 92.06666666666666,
      "generalization_gap_train_minus_test_ppts": -0.31074074074074076,
      "sigma_final_test_acc_pct_across_seeds": null,
      "seed": 43,
      "seed_dir": "/workspaces/Neural-Balance/experiments/mnist_fcn_regscomp/dropout_BO/trials/trial_008/seed_43"
    },
    {
      "target_tau_val_acc_pct": 90.0,
      "target_tau_test_acc_pct": 90.0,
      "epochs_at_tau": 67,
      "final_train_acc_pct": 92.16296296296296,
      "final_train_loss_batch_mean": 0.3136888702898794,
      "final_train_loss_eval": 0.27327515163692817,
      "final_val_acc_pct": 92.3,
      "final_val_loss": 0.2716467045247555,
      "best_val_acc_pct": 92.3,
      "final_test_acc_pct": 92.55,
      "final_test_loss": 0.2607842930126935,
      "best_test_acc_pct": 92.3,
      "generalization_gap_train_minus_test_ppts": -0.3870370370370324,
      "sigma_final_test_acc_pct_across_seeds": null,
      "seed": 44,
      "seed_dir": "/workspaces/Neural-Balance/experiments/mnist_fcn_regscomp/dropout_BO/trials/trial_008/seed_44"
    }
  ]
}
