{
  "target_tau_val_acc_pct": 90.0,
  "target_tau_test_acc_pct": 90.0,
  "epochs_at_tau": 65,
  "final_train_acc_pct": 91.76851851851852,
  "final_train_loss_batch_mean": 0.33830618032064486,
  "final_train_loss_eval": 0.28963981575875486,
  "final_val_acc_pct": 91.38333333333334,
  "final_val_loss": 0.29002992374201614,
  "best_val_acc_pct": 91.4,
  "final_test_acc_pct": 92.07,
  "final_test_loss": 0.27726166816428305,
  "best_test_acc_pct": 91.4,
  "generalization_gap_train_minus_test_ppts": -0.30148148148147413,
  "sigma_final_test_acc_pct_across_seeds": null,
  "seed": 44
}
