{
  "target_tau_val_acc_pct": 90.0,
  "target_tau_test_acc_pct": 90.0,
  "epochs_at_tau": 65,
  "final_train_acc_pct": 91.9462962962963,
  "final_train_loss_batch_mean": 0.29517358661545395,
  "final_train_loss_eval": 0.278944011759984,
  "final_val_acc_pct": 91.76666666666667,
  "final_val_loss": 0.29282725043594837,
  "best_val_acc_pct": 91.78333333333333,
  "final_test_acc_pct": 92.28,
  "final_test_loss": 0.26898614610545335,
  "best_test_acc_pct": 91.78333333333333,
  "generalization_gap_train_minus_test_ppts": -0.33370370370370495,
  "sigma_final_test_acc_pct_across_seeds": null,
  "seed": 42
}
