{
  "target_tau_val_acc_pct": 90.0,
  "target_tau_test_acc_pct": 90.0,
  "epochs_at_tau": 76,
  "final_train_acc_pct": 92.15185185185184,
  "final_train_loss_batch_mean": 0.32251524084834693,
  "final_train_loss_eval": 0.2732870662805593,
  "final_val_acc_pct": 92.0,
  "final_val_loss": 0.2796459974100192,
  "best_val_acc_pct": 92.03333333333333,
  "final_test_acc_pct": 92.5,
  "final_test_loss": 0.26268119770102205,
  "best_test_acc_pct": 92.03333333333333,
  "generalization_gap_train_minus_test_ppts": -0.3481481481481552,
  "sigma_final_test_acc_pct_across_seeds": null,
  "seed": 43
}
