{
  "target_tau_val_acc_pct": 90.0,
  "target_tau_test_acc_pct": 90.0,
  "epochs_at_tau": 70,
  "final_train_acc_pct": 91.57407407407408,
  "final_train_loss_batch_mean": 0.41273825682734994,
  "final_train_loss_eval": 0.29184973628317573,
  "final_val_acc_pct": 91.45,
  "final_val_loss": 0.29894476570189,
  "best_val_acc_pct": 91.5,
  "final_test_acc_pct": 91.84,
  "final_test_loss": 0.28062512963078917,
  "best_test_acc_pct": 91.5,
  "generalization_gap_train_minus_test_ppts": -0.26592592592592723,
  "sigma_final_test_acc_pct_across_seeds": null,
  "seed": 43
}
