{
  "target_tau_val_acc_pct": 90.0,
  "target_tau_test_acc_pct": 90.0,
  "epochs_at_tau": 65,
  "final_train_acc_pct": 92.01481481481481,
  "final_train_loss_batch_mean": 0.3048914588316922,
  "final_train_loss_eval": 0.2756624517706333,
  "final_val_acc_pct": 91.86666666666666,
  "final_val_loss": 0.28862581215798855,
  "best_val_acc_pct": 91.96666666666667,
  "final_test_acc_pct": 92.35,
  "final_test_loss": 0.26535080759786067,
  "best_test_acc_pct": 91.96666666666667,
  "generalization_gap_train_minus_test_ppts": -0.3351851851851819,
  "sigma_final_test_acc_pct_across_seeds": null,
  "seed": 42
}
