{
  "target_tau_val_acc_pct": 90.0,
  "target_tau_test_acc_pct": 90.0,
  "epochs_at_tau": 7,
  "final_train_acc_pct": 96.90925925925926,
  "final_train_loss_batch_mean": 0.11756165030796381,
  "final_train_loss_eval": 0.11634100419226416,
  "final_val_acc_pct": 96.21666666666667,
  "final_val_loss": 0.13697410933673382,
  "best_val_acc_pct": 96.21666666666667,
  "final_test_acc_pct": 96.22,
  "final_test_loss": 0.12948864903301,
  "best_test_acc_pct": 96.21666666666667,
  "generalization_gap_train_minus_test_ppts": 0.6892592592592592,
  "sigma_final_test_acc_pct_across_seeds": null,
  "seed": 44
}
