{
  "target_tau_val_acc_pct": 90.0,
  "target_tau_test_acc_pct": 90.0,
  "epochs_at_tau": 70,
  "final_train_acc_pct": 91.6037037037037,
  "final_train_loss_batch_mean": 0.29080624588857895,
  "final_train_loss_eval": 0.29035478081748384,
  "final_val_acc_pct": 91.53333333333333,
  "final_val_loss": 0.2976067680865526,
  "best_val_acc_pct": 91.53333333333333,
  "final_test_acc_pct": 91.85,
  "final_test_loss": 0.2792541317641735,
  "best_test_acc_pct": 91.53333333333333,
  "generalization_gap_train_minus_test_ppts": -0.24629629629629335,
  "sigma_final_test_acc_pct_across_seeds": null,
  "seed": 43
}
