{
  "target_tau_val_acc_pct": 90.0,
  "target_tau_test_acc_pct": 90.0,
  "epochs_at_tau": 7,
  "final_train_acc_pct": 96.86111111111111,
  "final_train_loss_batch_mean": 0.11891836690676721,
  "final_train_loss_eval": 0.11768664147757806,
  "final_val_acc_pct": 96.16666666666667,
  "final_val_loss": 0.13810925465077162,
  "best_val_acc_pct": 96.16666666666667,
  "final_test_acc_pct": 96.18,
  "final_test_loss": 0.13065051222220064,
  "best_test_acc_pct": 96.16666666666667,
  "generalization_gap_train_minus_test_ppts": 0.6811111111111074,
  "sigma_final_test_acc_pct_across_seeds": null,
  "seed": 44
}
