{
  "target_tau_val_acc_pct": 90.0,
  "target_tau_test_acc_pct": 90.0,
  "epochs_at_tau": 65,
  "final_train_acc_pct": 91.77407407407408,
  "final_train_loss_batch_mean": 0.2895404402678612,
  "final_train_loss_eval": 0.28906915001394623,
  "final_val_acc_pct": 91.41666666666667,
  "final_val_loss": 0.28950173656145733,
  "best_val_acc_pct": 91.41666666666667,
  "final_test_acc_pct": 92.08,
  "final_test_loss": 0.2767313415184617,
  "best_test_acc_pct": 91.41666666666667,
  "generalization_gap_train_minus_test_ppts": -0.3059259259259193,
  "sigma_final_test_acc_pct_across_seeds": null,
  "seed": 44
}
