{
  "target_tau_val_acc_pct": 90.0,
  "target_tau_test_acc_pct": 90.0,
  "epochs_at_tau": 70,
  "final_train_acc_pct": 91.6,
  "final_train_loss_batch_mean": 0.2907674722196932,
  "final_train_loss_eval": 0.29031560750086727,
  "final_val_acc_pct": 91.51666666666667,
  "final_val_loss": 0.29757152994473773,
  "best_val_acc_pct": 91.51666666666667,
  "final_test_acc_pct": 91.85,
  "final_test_loss": 0.27922021290287374,
  "best_test_acc_pct": 91.51666666666667,
  "generalization_gap_train_minus_test_ppts": -0.25,
  "sigma_final_test_acc_pct_across_seeds": null,
  "seed": 43
}
