{
  "target_tau_val_acc_pct": 90.0,
  "target_tau_test_acc_pct": 90.0,
  "epochs_at_tau": 9,
  "final_train_acc_pct": 97.14074074074074,
  "final_train_loss_batch_mean": 0.11155044755311373,
  "final_train_loss_eval": 0.1106544358223253,
  "final_val_acc_pct": 96.18333333333334,
  "final_val_loss": 0.1363462759181857,
  "best_val_acc_pct": 96.21666666666667,
  "final_test_acc_pct": 96.39,
  "final_test_loss": 0.12462607040069998,
  "best_test_acc_pct": 96.21666666666667,
  "generalization_gap_train_minus_test_ppts": 0.7507407407407385,
  "sigma_final_test_acc_pct_across_seeds": null,
  "seed": 43
}
