{
  "target_tau_val_acc_pct": 90.0,
  "target_tau_test_acc_pct": 90.0,
  "epochs_at_tau": 73,
  "final_train_acc_pct": 91.49444444444444,
  "final_train_loss_batch_mean": 0.29531586537428944,
  "final_train_loss_eval": 0.2948849423660486,
  "final_val_acc_pct": 91.4,
  "final_val_loss": 0.30161877659459907,
  "best_val_acc_pct": 91.48333333333333,
  "final_test_acc_pct": 91.82,
  "final_test_loss": 0.2832561856135726,
  "best_test_acc_pct": 91.48333333333333,
  "generalization_gap_train_minus_test_ppts": -0.32555555555555316,
  "sigma_final_test_acc_pct_across_seeds": null,
  "seed": 43
}
