{
  "target_tau_test_acc_pct": 90.0,
  "epochs_at_tau": 46,
  "final_train_acc_pct": 91.83333333333333,
  "final_train_loss_batch_mean": 0.2883226191743891,
  "final_train_loss_eval": 0.2881989248255466,
  "final_test_acc_pct": 92.12,
  "final_test_loss": 0.27667915881611405,
  "best_test_acc_pct": 92.12,
  "generalization_gap_train_minus_test_ppts": -0.28666666666667595,
  "sigma_final_test_acc_pct_across_seeds": null,
  "seed": 42
}
