{
  "target_tau_val_acc_pct": 90.0,
  "target_tau_test_acc_pct": 90.0,
  "epochs_at_tau": 67,
  "final_train_acc_pct": 91.62407407407407,
  "final_train_loss_batch_mean": 0.29462363383781287,
  "final_train_loss_eval": 0.29416604368325094,
  "final_val_acc_pct": 91.4,
  "final_val_loss": 0.3087872521330913,
  "best_val_acc_pct": 91.4,
  "final_test_acc_pct": 91.83,
  "final_test_loss": 0.28321090270765126,
  "best_test_acc_pct": 91.4,
  "generalization_gap_train_minus_test_ppts": -0.20592592592592496,
  "sigma_final_test_acc_pct_across_seeds": null,
  "seed": 42
}
