{
  "trial": "trial_006",
  "proposal_source": "gp_ei",
  "candidate": {
    "l2_weight": 1.254913489890377e-05
  },
  "resolved_overrides": {
    "order": 1,
    "do_neural_balance": false,
    "full_balance_at_start": false,
    "l2_weight": 1.254913489890377e-05
  },
  "mean_final_val_acc_pct": 91.47777777777777,
  "mean_final_test_acc_pct": 91.95333333333333,
  "sigma_final_test_acc_pct_across_seeds": 0.11503622617824413,
  "objective_name": "mean_final_val_acc_pct",
  "objective_value": 91.47777777777777,
  "per_seed_metrics": [
    {
      "target_tau_val_acc_pct": 90.0,
      "target_tau_test_acc_pct": 90.0,
      "epochs_at_tau": 67,
      "final_train_acc_pct": 91.74074074074075,
      "final_train_loss_batch_mean": 0.33721302802811304,
      "final_train_loss_eval": 0.2884288969056866,
      "final_val_acc_pct": 91.51666666666667,
      "final_val_loss": 0.303753262385726,
      "best_val_acc_pct": 91.51666666666667,
      "final_test_acc_pct": 91.95,
      "final_test_loss": 0.2782363062724471,
      "best_test_acc_pct": 91.51666666666667,
      "generalization_gap_train_minus_test_ppts": -0.20925925925925526,
      "sigma_final_test_acc_pct_across_seeds": null,
      "seed": 42,
      "seed_dir": "/workspaces/Neural-Balance/experiments/mnist_fcn_regscomp/l1_reg_BO/trials/trial_006/seed_42"
    },
    {
      "target_tau_val_acc_pct": 90.0,
      "target_tau_test_acc_pct": 90.0,
      "epochs_at_tau": 70,
      "final_train_acc_pct": 91.59074074074074,
      "final_train_loss_batch_mean": 0.33962192898395505,
      "final_train_loss_eval": 0.29085971662218535,
      "final_val_acc_pct": 91.53333333333333,
      "final_val_loss": 0.29805926606059074,
      "best_val_acc_pct": 91.53333333333333,
      "final_test_acc_pct": 91.84,
      "final_test_loss": 0.27972510205581785,
      "best_test_acc_pct": 91.53333333333333,
      "generalization_gap_train_minus_test_ppts": -0.2492592592592615,
      "sigma_final_test_acc_pct_across_seeds": null,
      "seed": 43,
      "seed_dir": "/workspaces/Neural-Balance/experiments/mnist_fcn_regscomp/l1_reg_BO/trials/trial_006/seed_43"
    },
    {
      "target_tau_val_acc_pct": 90.0,
      "target_tau_test_acc_pct": 90.0,
      "epochs_at_tau": 65,
      "final_train_acc_pct": 91.76851851851852,
      "final_train_loss_batch_mean": 0.33830618032064486,
      "final_train_loss_eval": 0.28963981575875486,
      "final_val_acc_pct": 91.38333333333334,
      "final_val_loss": 0.29002992374201614,
      "best_val_acc_pct": 91.4,
      "final_test_acc_pct": 92.07,
      "final_test_loss": 0.27726166816428305,
      "best_test_acc_pct": 91.4,
      "generalization_gap_train_minus_test_ppts": -0.30148148148147413,
      "sigma_final_test_acc_pct_across_seeds": null,
      "seed": 44,
      "seed_dir": "/workspaces/Neural-Balance/experiments/mnist_fcn_regscomp/l1_reg_BO/trials/trial_006/seed_44"
    }
  ]
}
