{
  "target_tau_val_acc_pct": 90.0,
  "target_tau_test_acc_pct": 90.0,
  "epochs_at_tau": 70,
  "final_train_acc_pct": 91.59074074074074,
  "final_train_loss_batch_mean": 0.33962192898395505,
  "final_train_loss_eval": 0.29085971662218535,
  "final_val_acc_pct": 91.53333333333333,
  "final_val_loss": 0.29805926606059074,
  "best_val_acc_pct": 91.53333333333333,
  "final_test_acc_pct": 91.84,
  "final_test_loss": 0.27972510205581785,
  "best_test_acc_pct": 91.53333333333333,
  "generalization_gap_train_minus_test_ppts": -0.2492592592592615,
  "sigma_final_test_acc_pct_across_seeds": null,
  "seed": 43
}
