{
  "target_tau_val_acc_pct": 90.0,
  "target_tau_test_acc_pct": 90.0,
  "epochs_at_tau": 34,
  "final_train_acc_pct": 92.61851851851851,
  "final_train_loss_batch_mean": 0.26110681058106266,
  "final_train_loss_eval": 0.26057546723510416,
  "final_val_acc_pct": 92.55,
  "final_val_loss": 0.2620209604501724,
  "best_val_acc_pct": 92.58333333333333,
  "final_test_acc_pct": 92.79,
  "final_test_loss": 0.25306945014744997,
  "best_test_acc_pct": 92.58333333333333,
  "generalization_gap_train_minus_test_ppts": -0.1714814814814929,
  "sigma_final_test_acc_pct_across_seeds": null,
  "seed": 44
}
