epoch,train_accuracy,train_loss,train_eval_loss,val_accuracy,val_loss,test_accuracy,test_loss
0,43.512962962962966,2.1967388374545562,2.0941668517216687,43.05,2.094717800617218,43.05,2.094717800617218
1,62.903703703703705,1.9987643217023514,1.9019384525398508,62.88333333333333,1.9029949208100636,62.88333333333333,1.9029949208100636
2,71.07407407407408,1.806265203873693,1.7095302976138218,71.06666666666666,1.7110901027917862,71.06666666666666,1.7110901027917862
3,75.07407407407408,1.6161728888326348,1.5235744076317521,74.93333333333334,1.525137667854627,74.93333333333334,1.525137667854627
4,77.88148148148149,1.4382215088577632,1.355123262269802,77.85,1.3564056158065796,77.85,1.3564056158065796
