{
  "target_tau_val_acc_pct": 90.0,
  "target_tau_test_acc_pct": 90.0,
  "epochs_at_tau": 67,
  "final_train_acc_pct": 91.58703703703704,
  "final_train_loss_batch_mean": 0.2934450356033741,
  "final_train_loss_eval": 0.29297335749553843,
  "final_val_acc_pct": 91.35,
  "final_val_loss": 0.30794692287842435,
  "best_val_acc_pct": 91.36666666666666,
  "final_test_acc_pct": 91.84,
  "final_test_loss": 0.2821246705017984,
  "best_test_acc_pct": 91.36666666666666,
  "generalization_gap_train_minus_test_ppts": -0.25296296296296816,
  "sigma_final_test_acc_pct_across_seeds": null,
  "seed": 42
}
