{
  "target_tau_val_acc_pct": 90.0,
  "target_tau_test_acc_pct": 90.0,
  "epochs_at_tau": 77,
  "final_train_acc_pct": 91.27777777777777,
  "final_train_loss_batch_mean": 0.9691260959864793,
  "final_train_loss_eval": 0.3091273963168899,
  "final_val_acc_pct": 91.31666666666666,
  "final_val_loss": 0.3145495230952899,
  "best_val_acc_pct": 91.31666666666666,
  "final_test_acc_pct": 91.65,
  "final_test_loss": 0.2960318772122264,
  "best_test_acc_pct": 91.31666666666666,
  "generalization_gap_train_minus_test_ppts": -0.3722222222222342,
  "sigma_final_test_acc_pct_across_seeds": null,
  "seed": 43
}
