{
  "target_tau_val_acc_pct": 90.0,
  "target_tau_test_acc_pct": 90.0,
  "epochs_at_tau": 64,
  "final_train_acc_pct": 91.77962962962962,
  "final_train_loss_batch_mean": 0.29001412593640424,
  "final_train_loss_eval": 0.28873838011122427,
  "final_val_acc_pct": 91.41666666666667,
  "final_val_loss": 0.28923538761834305,
  "best_val_acc_pct": 91.41666666666667,
  "final_test_acc_pct": 92.06,
  "final_test_loss": 0.27642769888043406,
  "best_test_acc_pct": 91.41666666666667,
  "generalization_gap_train_minus_test_ppts": -0.2803703703703775,
  "sigma_final_test_acc_pct_across_seeds": null,
  "seed": 44
}
