epoch,train_accuracy,train_loss,train_eval_loss,val_accuracy,val_loss,test_accuracy,test_loss
0,43.512962962962966,2.2042311074044467,2.1009467698951467,42.71666666666667,2.1055521170298257,42.71666666666667,2.1055521170298257
1,60.233333333333334,2.0028383963480945,1.9024189597622478,59.016666666666666,1.9087727069854736,59.016666666666666,1.9087727069854736
2,67.56851851851852,1.8029304901005532,1.7027213008482873,66.68333333333334,1.7107646812995274,66.68333333333334,1.7107646812995274
3,72.0037037037037,1.6078586516222118,1.5146603488244152,71.35,1.5238406558831532,71.35,1.5238406558831532
4,74.80185185185185,1.4304044387916819,1.3491858385185496,74.6,1.3592673788468044,74.6,1.3592673788468044
