epoch,train_accuracy,train_loss,train_eval_loss,val_accuracy,val_loss,test_accuracy,test_loss
0,43.52777777777778,2.204187575109762,2.1008131198973454,42.733333333333334,2.105421801408132,42.733333333333334,2.105421801408132
1,60.25185185185185,2.0025442787821257,1.9019276581669307,59.0,1.908290684223175,59.0,1.908290684223175
2,67.57592592592593,1.8022061524232982,1.7017521722621827,66.7,1.709809387723605,66.7,1.709809387723605
3,72.03703703703704,1.606647094844077,1.5132102135798378,71.36666666666666,1.5224073777596157,71.36666666666666,1.5224073777596157
4,74.82407407407408,1.4287452635606883,1.3473319148565355,74.63333333333334,1.3574320326248805,74.63333333333334,1.3574320326248805
