{
  "target_tau_val_acc_pct": 90.0,
  "target_tau_test_acc_pct": 90.0,
  "epochs_at_tau": 8,
  "final_train_acc_pct": 96.91296296296296,
  "final_train_loss_batch_mean": 0.1180625599036567,
  "final_train_loss_eval": 0.11721303128588821,
  "final_val_acc_pct": 95.95,
  "final_val_loss": 0.15014436499526104,
  "best_val_acc_pct": 95.95,
  "final_test_acc_pct": 96.34,
  "final_test_loss": 0.1305219936184585,
  "best_test_acc_pct": 95.95,
  "generalization_gap_train_minus_test_ppts": 0.5729629629629613,
  "sigma_final_test_acc_pct_across_seeds": null,
  "seed": 42
}
