{
  "target_tau_test_acc_pct": 90.0,
  "epochs_at_tau": 51,
  "final_train_acc_pct": 92.01166666666667,
  "final_train_loss_batch_mean": 0.28169819313160915,
  "final_train_loss_eval": 0.2812988739698491,
  "final_test_acc_pct": 92.19,
  "final_test_loss": 0.2696942764334381,
  "best_test_acc_pct": 92.19,
  "generalization_gap_train_minus_test_ppts": -0.17833333333332746,
  "sigma_final_test_acc_pct_across_seeds": null,
  "seed": 44
}
