{
  "target_tau_val_acc_pct": 90.0,
  "target_tau_test_acc_pct": 90.0,
  "epochs_at_tau": 63,
  "final_train_acc_pct": 91.77222222222223,
  "final_train_loss_batch_mean": 0.34904870546259587,
  "final_train_loss_eval": 0.28977884973677415,
  "final_val_acc_pct": 91.38333333333334,
  "final_val_loss": 0.2901592496782541,
  "best_val_acc_pct": 91.38333333333334,
  "final_test_acc_pct": 92.07,
  "final_test_loss": 0.2773880509659648,
  "best_test_acc_pct": 91.38333333333334,
  "generalization_gap_train_minus_test_ppts": -0.2977777777777675,
  "sigma_final_test_acc_pct_across_seeds": null,
  "seed": 44
}
