{
  "target_tau_val_acc_pct": 90.0,
  "target_tau_test_acc_pct": 90.0,
  "epochs_at_tau": 72,
  "final_train_acc_pct": 91.31111111111112,
  "final_train_loss_batch_mean": 0.9673762205652716,
  "final_train_loss_eval": 0.30749379091353213,
  "final_val_acc_pct": 91.23333333333333,
  "final_val_loss": 0.3205237959822019,
  "best_val_acc_pct": 91.26666666666667,
  "final_test_acc_pct": 91.72,
  "final_test_loss": 0.2949412708170712,
  "best_test_acc_pct": 91.26666666666667,
  "generalization_gap_train_minus_test_ppts": -0.40888888888888175,
  "sigma_final_test_acc_pct_across_seeds": null,
  "seed": 42
}
