{
  "target_tau_val_acc_pct": 90.0,
  "target_tau_test_acc_pct": 90.0,
  "epochs_at_tau": 66,
  "final_train_acc_pct": 91.57407407407408,
  "final_train_loss_batch_mean": 0.691638034101911,
  "final_train_loss_eval": 0.2953501485676562,
  "final_val_acc_pct": 91.43333333333334,
  "final_val_loss": 0.3096397978564103,
  "best_val_acc_pct": 91.43333333333334,
  "final_test_acc_pct": 91.87,
  "final_test_loss": 0.2842742569744587,
  "best_test_acc_pct": 91.43333333333334,
  "generalization_gap_train_minus_test_ppts": -0.29592592592592837,
  "sigma_final_test_acc_pct_across_seeds": null,
  "seed": 42
}
