{
  "target_tau_test_acc_pct": 90.0,
  "epochs_at_tau": 52,
  "final_train_acc_pct": 91.98333333333333,
  "final_train_loss_batch_mean": 0.28273214355428167,
  "final_train_loss_eval": 0.2823403001465696,
  "final_test_acc_pct": 92.13,
  "final_test_loss": 0.2706326006911695,
  "best_test_acc_pct": 92.17,
  "generalization_gap_train_minus_test_ppts": -0.14666666666666117,
  "sigma_final_test_acc_pct_across_seeds": null,
  "seed": 44
}
