{
  "target_tau_val_acc_pct": 90.0,
  "target_tau_test_acc_pct": 90.0,
  "epochs_at_tau": 8,
  "final_train_acc_pct": 96.94259259259259,
  "final_train_loss_batch_mean": 0.11713839998530551,
  "final_train_loss_eval": 0.11628599265387272,
  "final_val_acc_pct": 95.98333333333333,
  "final_val_loss": 0.14931189144651094,
  "best_val_acc_pct": 95.98333333333333,
  "final_test_acc_pct": 96.32,
  "final_test_loss": 0.12972328579053283,
  "best_test_acc_pct": 95.98333333333333,
  "generalization_gap_train_minus_test_ppts": 0.6225925925925964,
  "sigma_final_test_acc_pct_across_seeds": null,
  "seed": 42
}
