{
  "target_tau_val_acc_pct": 90.0,
  "target_tau_test_acc_pct": 90.0,
  "epochs_at_tau": null,
  "final_train_acc_pct": 88.87962962962963,
  "final_train_loss_batch_mean": 1.0142988237724484,
  "final_train_loss_eval": 0.46072270449303904,
  "final_val_acc_pct": 88.93333333333334,
  "final_val_loss": 0.4577174708247185,
  "best_val_acc_pct": 88.93333333333334,
  "final_test_acc_pct": 89.36,
  "final_test_loss": 0.438680287823081,
  "best_test_acc_pct": 88.93333333333334,
  "generalization_gap_train_minus_test_ppts": -0.4803703703703661,
  "sigma_final_test_acc_pct_across_seeds": null,
  "seed": 44
}
