{
  "trial": "trial_003",
  "proposal_source": "random_init",
  "candidate": {
    "dropout_rate": 0.4554879812245621
  },
  "resolved_overrides": {
    "order": 2,
    "l2_weight": 0.0,
    "do_neural_balance": false,
    "full_balance_at_start": false,
    "dropout_rate": 0.4554879812245621
  },
  "mean_final_val_acc_pct": 92.14999999999999,
  "mean_final_test_acc_pct": 92.47666666666667,
  "sigma_final_test_acc_pct_across_seeds": 0.08736894948054237,
  "objective_name": "mean_final_val_acc_pct",
  "objective_value": 92.14999999999999,
  "per_seed_metrics": [
    {
      "target_tau_val_acc_pct": 90.0,
      "target_tau_test_acc_pct": 90.0,
      "epochs_at_tau": 67,
      "final_train_acc_pct": 92.06851851851852,
      "final_train_loss_batch_mean": 0.32310622859905114,
      "final_train_loss_eval": 0.2747507016946919,
      "final_val_acc_pct": 92.11666666666666,
      "final_val_loss": 0.2866854953269164,
      "best_val_acc_pct": 92.11666666666666,
      "final_test_acc_pct": 92.38,
      "final_test_loss": 0.2641234734095633,
      "best_test_acc_pct": 92.11666666666666,
      "generalization_gap_train_minus_test_ppts": -0.31148148148147925,
      "sigma_final_test_acc_pct_across_seeds": null,
      "seed": 42,
      "seed_dir": "/workspaces/Neural-Balance/experiments/mnist_fcn_regscomp/dropout_BO/trials/trial_003/seed_42"
    },
    {
      "target_tau_val_acc_pct": 90.0,
      "target_tau_test_acc_pct": 90.0,
      "epochs_at_tau": 76,
      "final_train_acc_pct": 92.14814814814815,
      "final_train_loss_batch_mean": 0.3224247778761443,
      "final_train_loss_eval": 0.2733029062149084,
      "final_val_acc_pct": 92.0,
      "final_val_loss": 0.27965562976896763,
      "best_val_acc_pct": 92.01666666666667,
      "final_test_acc_pct": 92.5,
      "final_test_loss": 0.26269510346464814,
      "best_test_acc_pct": 92.01666666666667,
      "generalization_gap_train_minus_test_ppts": -0.35185185185184764,
      "sigma_final_test_acc_pct_across_seeds": null,
      "seed": 43,
      "seed_dir": "/workspaces/Neural-Balance/experiments/mnist_fcn_regscomp/dropout_BO/trials/trial_003/seed_43"
    },
    {
      "target_tau_val_acc_pct": 90.0,
      "target_tau_test_acc_pct": 90.0,
      "epochs_at_tau": 67,
      "final_train_acc_pct": 92.17962962962963,
      "final_train_loss_batch_mean": 0.3188762299681162,
      "final_train_loss_eval": 0.2730286259786778,
      "final_val_acc_pct": 92.33333333333333,
      "final_val_loss": 0.27115204247335595,
      "best_val_acc_pct": 92.33333333333333,
      "final_test_acc_pct": 92.55,
      "final_test_loss": 0.2604417041875422,
      "best_test_acc_pct": 92.33333333333333,
      "generalization_gap_train_minus_test_ppts": -0.3703703703703667,
      "sigma_final_test_acc_pct_across_seeds": null,
      "seed": 44,
      "seed_dir": "/workspaces/Neural-Balance/experiments/mnist_fcn_regscomp/dropout_BO/trials/trial_003/seed_44"
    }
  ]
}
