{
  "target_tau_test_acc_pct": 90.0,
  "epochs_at_tau": 51,
  "final_train_acc_pct": 91.90166666666667,
  "final_train_loss_batch_mean": 0.28378937948257366,
  "final_train_loss_eval": 0.2831401633455398,
  "final_test_acc_pct": 92.16,
  "final_test_loss": 0.2725367223843932,
  "best_test_acc_pct": 92.21,
  "generalization_gap_train_minus_test_ppts": -0.25833333333332575,
  "sigma_final_test_acc_pct_across_seeds": null,
  "seed": 43
}
