{
  "target_tau_val_acc_pct": 90.0,
  "target_tau_test_acc_pct": 90.0,
  "epochs_at_tau": 67,
  "final_train_acc_pct": 91.51666666666667,
  "final_train_loss_batch_mean": 0.29612315294301905,
  "final_train_loss_eval": 0.2956111231968866,
  "final_val_acc_pct": 91.31666666666666,
  "final_val_loss": 0.310108312095205,
  "best_val_acc_pct": 91.36666666666666,
  "final_test_acc_pct": 91.82,
  "final_test_loss": 0.2845011399127543,
  "best_test_acc_pct": 91.36666666666666,
  "generalization_gap_train_minus_test_ppts": -0.30333333333332746,
  "sigma_final_test_acc_pct_across_seeds": null,
  "seed": 42
}
