{
  "target_tau_val_acc_pct": 90.0,
  "target_tau_test_acc_pct": 90.0,
  "epochs_at_tau": 73,
  "final_train_acc_pct": 92.15,
  "final_train_loss_batch_mean": 0.302557771875395,
  "final_train_loss_eval": 0.27406239043479846,
  "final_val_acc_pct": 92.03333333333333,
  "final_val_loss": 0.28030614741146564,
  "best_val_acc_pct": 92.03333333333333,
  "final_test_acc_pct": 92.46,
  "final_test_loss": 0.26361593743786216,
  "best_test_acc_pct": 92.03333333333333,
  "generalization_gap_train_minus_test_ppts": -0.30999999999998806,
  "sigma_final_test_acc_pct_across_seeds": null,
  "seed": 43
}
