{
  "target_tau_val_acc_pct": 90.0,
  "target_tau_test_acc_pct": 90.0,
  "epochs_at_tau": 65,
  "final_train_acc_pct": 91.6574074074074,
  "final_train_loss_batch_mean": 0.293118338519928,
  "final_train_loss_eval": 0.29273271101628434,
  "final_val_acc_pct": 91.33333333333333,
  "final_val_loss": 0.2930866777896881,
  "best_val_acc_pct": 91.4,
  "final_test_acc_pct": 92.02,
  "final_test_loss": 0.2802797253243625,
  "best_test_acc_pct": 91.4,
  "generalization_gap_train_minus_test_ppts": -0.36259259259259125,
  "sigma_final_test_acc_pct_across_seeds": null,
  "seed": 44
}
