{
  "target_tau_val_acc_pct": 90.0,
  "target_tau_test_acc_pct": 90.0,
  "epochs_at_tau": 70,
  "final_train_acc_pct": 91.60185185185185,
  "final_train_loss_batch_mean": 0.2908283056099833,
  "final_train_loss_eval": 0.29037689632996566,
  "final_val_acc_pct": 91.53333333333333,
  "final_val_loss": 0.29762507788836956,
  "best_val_acc_pct": 91.53333333333333,
  "final_test_acc_pct": 91.85,
  "final_test_loss": 0.27927342071197925,
  "best_test_acc_pct": 91.53333333333333,
  "generalization_gap_train_minus_test_ppts": -0.24814814814814667,
  "sigma_final_test_acc_pct_across_seeds": null,
  "seed": 43
}
