{
  "target_tau_val_acc_pct": 90.0,
  "target_tau_test_acc_pct": 90.0,
  "epochs_at_tau": 65,
  "final_train_acc_pct": 91.68888888888888,
  "final_train_loss_batch_mean": 0.29419334345801745,
  "final_train_loss_eval": 0.2937414271147895,
  "final_val_acc_pct": 91.31666666666666,
  "final_val_loss": 0.29379000701010227,
  "best_val_acc_pct": 91.35,
  "final_test_acc_pct": 91.93,
  "final_test_loss": 0.2809474990703166,
  "best_test_acc_pct": 91.35,
  "generalization_gap_train_minus_test_ppts": -0.24111111111112393,
  "sigma_final_test_acc_pct_across_seeds": null,
  "seed": 44
}
