{
  "target_tau_val_acc_pct": 90.0,
  "target_tau_test_acc_pct": 90.0,
  "epochs_at_tau": 66,
  "final_train_acc_pct": 92.08148148148148,
  "final_train_loss_batch_mean": 0.31759962262983005,
  "final_train_loss_eval": 0.27463554968766124,
  "final_val_acc_pct": 92.01666666666667,
  "final_val_loss": 0.28678224235773087,
  "best_val_acc_pct": 92.01666666666667,
  "final_test_acc_pct": 92.38,
  "final_test_loss": 0.26406516321003437,
  "best_test_acc_pct": 92.01666666666667,
  "generalization_gap_train_minus_test_ppts": -0.2985185185185202,
  "sigma_final_test_acc_pct_across_seeds": null,
  "seed": 42
}
