{
  "trial": "trial_005",
  "proposal_source": "gp_ei",
  "candidate": {
    "dropout_rate": 0.4559926626772535
  },
  "resolved_overrides": {
    "order": 2,
    "l2_weight": 0.0,
    "do_neural_balance": false,
    "full_balance_at_start": false,
    "dropout_rate": 0.4559926626772535
  },
  "mean_final_val_acc_pct": 92.14999999999999,
  "mean_final_test_acc_pct": 92.46999999999998,
  "sigma_final_test_acc_pct_across_seeds": 0.07937253933194073,
  "objective_name": "mean_final_val_acc_pct",
  "objective_value": 92.14999999999999,
  "per_seed_metrics": [
    {
      "target_tau_val_acc_pct": 90.0,
      "target_tau_test_acc_pct": 90.0,
      "epochs_at_tau": 67,
      "final_train_acc_pct": 92.06666666666666,
      "final_train_loss_batch_mean": 0.32317569894248277,
      "final_train_loss_eval": 0.27476003561257184,
      "final_val_acc_pct": 92.11666666666666,
      "final_val_loss": 0.28669219464063644,
      "best_val_acc_pct": 92.11666666666666,
      "final_test_acc_pct": 92.38,
      "final_test_loss": 0.2641316710039973,
      "best_test_acc_pct": 92.11666666666666,
      "generalization_gap_train_minus_test_ppts": -0.3133333333333326,
      "sigma_final_test_acc_pct_across_seeds": null,
      "seed": 42,
      "seed_dir": "/workspaces/Neural-Balance/experiments/mnist_fcn_regscomp/dropout_BO/trials/trial_005/seed_42"
    },
    {
      "target_tau_val_acc_pct": 90.0,
      "target_tau_test_acc_pct": 90.0,
      "epochs_at_tau": 76,
      "final_train_acc_pct": 92.15185185185184,
      "final_train_loss_batch_mean": 0.32251524084834693,
      "final_train_loss_eval": 0.2732870662805593,
      "final_val_acc_pct": 92.0,
      "final_val_loss": 0.2796459974100192,
      "best_val_acc_pct": 92.03333333333333,
      "final_test_acc_pct": 92.5,
      "final_test_loss": 0.26268119770102205,
      "best_test_acc_pct": 92.03333333333333,
      "generalization_gap_train_minus_test_ppts": -0.3481481481481552,
      "sigma_final_test_acc_pct_across_seeds": null,
      "seed": 43,
      "seed_dir": "/workspaces/Neural-Balance/experiments/mnist_fcn_regscomp/dropout_BO/trials/trial_005/seed_43"
    },
    {
      "target_tau_val_acc_pct": 90.0,
      "target_tau_test_acc_pct": 90.0,
      "epochs_at_tau": 67,
      "final_train_acc_pct": 92.18148148148148,
      "final_train_loss_batch_mean": 0.31894021788479593,
      "final_train_loss_eval": 0.2730072670355792,
      "final_val_acc_pct": 92.33333333333333,
      "final_val_loss": 0.27113705563048524,
      "best_val_acc_pct": 92.33333333333333,
      "final_test_acc_pct": 92.53,
      "final_test_loss": 0.2604206471238285,
      "best_test_acc_pct": 92.33333333333333,
      "generalization_gap_train_minus_test_ppts": -0.34851851851851734,
      "sigma_final_test_acc_pct_across_seeds": null,
      "seed": 44,
      "seed_dir": "/workspaces/Neural-Balance/experiments/mnist_fcn_regscomp/dropout_BO/trials/trial_005/seed_44"
    }
  ]
}
