{
  "target_tau_val_acc_pct": 90.0,
  "target_tau_test_acc_pct": 90.0,
  "epochs_at_tau": 70,
  "final_train_acc_pct": 91.59074074074074,
  "final_train_loss_batch_mean": 0.29128083049968523,
  "final_train_loss_eval": 0.29083188739715593,
  "final_val_acc_pct": 91.53333333333333,
  "final_val_loss": 0.2980284734318654,
  "best_val_acc_pct": 91.53333333333333,
  "final_test_acc_pct": 91.85,
  "final_test_loss": 0.27967570861801505,
  "best_test_acc_pct": 91.53333333333333,
  "generalization_gap_train_minus_test_ppts": -0.2592592592592524,
  "sigma_final_test_acc_pct_across_seeds": null,
  "seed": 43
}
