{
  "target_tau_val_acc_pct": 90.0,
  "target_tau_test_acc_pct": 90.0,
  "epochs_at_tau": 63,
  "final_train_acc_pct": 91.76851851851852,
  "final_train_loss_batch_mean": 0.36756683709497134,
  "final_train_loss_eval": 0.2900352764044893,
  "final_val_acc_pct": 91.38333333333334,
  "final_val_loss": 0.29039874983330566,
  "best_val_acc_pct": 91.38333333333334,
  "final_test_acc_pct": 92.06,
  "final_test_loss": 0.2776258962228894,
  "best_test_acc_pct": 91.38333333333334,
  "generalization_gap_train_minus_test_ppts": -0.29148148148148323,
  "sigma_final_test_acc_pct_across_seeds": null,
  "seed": 44
}
