{
  "target_tau_val_acc_pct": 90.0,
  "target_tau_test_acc_pct": 90.0,
  "epochs_at_tau": 67,
  "final_train_acc_pct": 92.18148148148148,
  "final_train_loss_batch_mean": 0.31894021788479593,
  "final_train_loss_eval": 0.2730072670355792,
  "final_val_acc_pct": 92.33333333333333,
  "final_val_loss": 0.27113705563048524,
  "best_val_acc_pct": 92.33333333333333,
  "final_test_acc_pct": 92.53,
  "final_test_loss": 0.2604206471238285,
  "best_test_acc_pct": 92.33333333333333,
  "generalization_gap_train_minus_test_ppts": -0.34851851851851734,
  "sigma_final_test_acc_pct_across_seeds": null,
  "seed": 44
}
