epoch,train_accuracy,train_loss,train_eval_loss,val_accuracy,val_loss,test_accuracy,test_loss
0,43.51111111111111,2.2042480893609646,2.1009991361066627,42.7,2.1056033074855804,42.7,2.1056033074855804
1,60.233333333333334,2.002954461563255,1.9026118539520915,59.0,1.9089624136686325,59.0,1.9089624136686325
2,67.5537037037037,1.8032123099006183,1.7030981677403383,66.68333333333334,1.7111364156007767,66.68333333333334,1.7111364156007767
3,72.0,1.6083309966805988,1.5152256189364393,71.33333333333333,1.5243995090325673,71.33333333333333,1.5243995090325673
4,74.79444444444445,1.4310506209377993,1.3499070479406565,74.6,1.3599812239408493,74.6,1.3599812239408493
