{
  "target_tau_val_acc_pct": 90.0,
  "target_tau_test_acc_pct": 90.0,
  "epochs_at_tau": 66,
  "final_train_acc_pct": 92.15925925925926,
  "final_train_loss_batch_mean": 0.3098003000585954,
  "final_train_loss_eval": 0.2731912127603287,
  "final_val_acc_pct": 92.31666666666666,
  "final_val_loss": 0.2717849512894948,
  "best_val_acc_pct": 92.31666666666666,
  "final_test_acc_pct": 92.56,
  "final_test_loss": 0.26085828891955315,
  "best_test_acc_pct": 92.31666666666666,
  "generalization_gap_train_minus_test_ppts": -0.4007407407407442,
  "sigma_final_test_acc_pct_across_seeds": null,
  "seed": 44
}
