{
  "target_tau_val_acc_pct": 90.0,
  "target_tau_test_acc_pct": 90.0,
  "epochs_at_tau": 7,
  "final_train_acc_pct": 96.87407407407407,
  "final_train_loss_batch_mean": 0.11865572935032054,
  "final_train_loss_eval": 0.11743095195830151,
  "final_val_acc_pct": 96.16666666666667,
  "final_val_loss": 0.13783675183852515,
  "best_val_acc_pct": 96.16666666666667,
  "final_test_acc_pct": 96.19,
  "final_test_loss": 0.13041674778796733,
  "best_test_acc_pct": 96.16666666666667,
  "generalization_gap_train_minus_test_ppts": 0.6840740740740756,
  "sigma_final_test_acc_pct_across_seeds": null,
  "seed": 44
}
