{
  "target_tau_val_acc_pct": 90.0,
  "target_tau_test_acc_pct": 90.0,
  "epochs_at_tau": 7,
  "final_train_acc_pct": 96.8962962962963,
  "final_train_loss_batch_mean": 0.11778423592660099,
  "final_train_loss_eval": 0.11655481519857289,
  "final_val_acc_pct": 96.21666666666667,
  "final_val_loss": 0.1371197486296296,
  "best_val_acc_pct": 96.21666666666667,
  "final_test_acc_pct": 96.21,
  "final_test_loss": 0.12965870909392835,
  "best_test_acc_pct": 96.21666666666667,
  "generalization_gap_train_minus_test_ppts": 0.6862962962963053,
  "sigma_final_test_acc_pct_across_seeds": null,
  "seed": 44
}
