{
  "target_tau_val_acc_pct": 90.0,
  "target_tau_test_acc_pct": 90.0,
  "epochs_at_tau": 65,
  "final_train_acc_pct": 91.77407407407408,
  "final_train_loss_batch_mean": 0.290051314997447,
  "final_train_loss_eval": 0.28958214861804277,
  "final_val_acc_pct": 91.38333333333334,
  "final_val_loss": 0.2899663796027501,
  "best_val_acc_pct": 91.4,
  "final_test_acc_pct": 92.05,
  "final_test_loss": 0.2772001366131008,
  "best_test_acc_pct": 91.4,
  "generalization_gap_train_minus_test_ppts": -0.27592592592591814,
  "sigma_final_test_acc_pct_across_seeds": null,
  "seed": 44
}
