{
  "target_tau_val_acc_pct": 90.0,
  "target_tau_test_acc_pct": 90.0,
  "epochs_at_tau": 73,
  "final_train_acc_pct": 91.46851851851852,
  "final_train_loss_batch_mean": 0.2970695033033877,
  "final_train_loss_eval": 0.2966457353948982,
  "final_val_acc_pct": 91.36666666666666,
  "final_val_loss": 0.30318556167185307,
  "best_val_acc_pct": 91.43333333333334,
  "final_test_acc_pct": 91.82,
  "final_test_loss": 0.2848152266815305,
  "best_test_acc_pct": 91.43333333333334,
  "generalization_gap_train_minus_test_ppts": -0.3514814814814713,
  "sigma_final_test_acc_pct_across_seeds": null,
  "seed": 43
}
