{
  "target_tau_val_acc_pct": 90.0,
  "target_tau_test_acc_pct": 90.0,
  "epochs_at_tau": 9,
  "final_train_acc_pct": 97.12407407407407,
  "final_train_loss_batch_mean": 0.1119719343304069,
  "final_train_loss_eval": 0.11107687433184041,
  "final_val_acc_pct": 96.18333333333334,
  "final_val_loss": 0.1367280607422193,
  "best_val_acc_pct": 96.21666666666667,
  "final_test_acc_pct": 96.38,
  "final_test_loss": 0.12495633491780608,
  "best_test_acc_pct": 96.21666666666667,
  "generalization_gap_train_minus_test_ppts": 0.7440740740740779,
  "sigma_final_test_acc_pct_across_seeds": null,
  "seed": 43
}
