{
  "target_tau_val_acc_pct": 90.0,
  "target_tau_test_acc_pct": 90.0,
  "epochs_at_tau": 63,
  "final_train_acc_pct": 91.77407407407408,
  "final_train_loss_batch_mean": 0.28981466012260926,
  "final_train_loss_eval": 0.28934448724391904,
  "final_val_acc_pct": 91.38333333333334,
  "final_val_loss": 0.2897491871068875,
  "best_val_acc_pct": 91.4,
  "final_test_acc_pct": 92.07,
  "final_test_loss": 0.27698343782685697,
  "best_test_acc_pct": 91.4,
  "generalization_gap_train_minus_test_ppts": -0.29592592592591416,
  "sigma_final_test_acc_pct_across_seeds": null,
  "seed": 44
}
