{
  "target_tau_test_acc_pct": 90.0,
  "epochs_at_tau": 51,
  "final_train_acc_pct": 92.00833333333334,
  "final_train_loss_batch_mean": 0.2815038582746019,
  "final_train_loss_eval": 0.28110286796346623,
  "final_test_acc_pct": 92.19,
  "final_test_loss": 0.26952086659148333,
  "best_test_acc_pct": 92.19,
  "generalization_gap_train_minus_test_ppts": -0.18166666666665776,
  "sigma_final_test_acc_pct_across_seeds": null,
  "seed": 44
}
