epoch,train_accuracy,train_loss,train_eval_loss,val_accuracy,val_loss,test_accuracy,test_loss
0,47.91111111111111,2.1793789535902124,2.071349369971108,47.38333333333333,2.072487791379293,47.38333333333333,2.072487791379293
1,64.28333333333333,1.9721823088930681,1.8718560708077598,64.01666666666667,1.8734832108020782,64.01666666666667,1.8734832108020782
2,70.56296296296296,1.7726482209436136,1.6729447491361067,69.63333333333334,1.6748918543259304,69.63333333333334,1.6748918543259304
3,74.09444444444445,1.5780673388621254,1.4845629919196757,73.68333333333334,1.48654538889726,73.68333333333334,1.48654538889726
4,76.73333333333333,1.399557422122684,1.317629133920534,76.25,1.3194870054721832,76.25,1.3194870054721832
