{
  "target_tau_test_acc_pct": 90.0,
  "epochs_at_tau": 46,
  "final_train_acc_pct": 91.95166666666667,
  "final_train_loss_batch_mean": 0.28235568391515853,
  "final_train_loss_eval": 0.2822090156534885,
  "final_test_acc_pct": 92.27,
  "final_test_loss": 0.27141016311943533,
  "best_test_acc_pct": 92.27,
  "generalization_gap_train_minus_test_ppts": -0.31833333333332803,
  "sigma_final_test_acc_pct_across_seeds": null,
  "seed": 42
}
