{
  "target_tau_val_acc_pct": 90.0,
  "target_tau_test_acc_pct": 90.0,
  "epochs_at_tau": 67,
  "final_train_acc_pct": 91.73148148148148,
  "final_train_loss_batch_mean": 0.2891773471335099,
  "final_train_loss_eval": 0.2886960872259185,
  "final_val_acc_pct": 91.5,
  "final_val_loss": 0.30401351178685826,
  "best_val_acc_pct": 91.5,
  "final_test_acc_pct": 91.94,
  "final_test_loss": 0.27846214501187205,
  "best_test_acc_pct": 91.5,
  "generalization_gap_train_minus_test_ppts": -0.20851851851851677,
  "sigma_final_test_acc_pct_across_seeds": null,
  "seed": 42
}
