epoch,train_accuracy,train_loss,train_eval_loss,val_accuracy,val_loss,test_accuracy,test_loss
0,43.522222222222226,2.1966962441448916,2.0940398469355435,43.05,2.094590902328491,43.05,2.094590902328491
1,62.91111111111111,1.9984875714044434,1.9014794600518394,62.88333333333333,1.902537042895953,62.88333333333333,1.902537042895953
2,71.1,1.8055821058309474,1.7086085182795592,71.06666666666666,1.7101695537567139,71.06666666666666,1.7101695537567139
3,75.10185185185185,1.6150068027713287,1.5221673470537809,74.95,1.5237316985925038,74.95,1.5237316985925038
4,77.92777777777778,1.4366008269278359,1.3533051285133542,77.91666666666667,1.3545864721139271,77.91666666666667,1.3545864721139271
