{
  "target_tau_val_acc_pct": 90.0,
  "target_tau_test_acc_pct": 90.0,
  "epochs_at_tau": null,
  "final_train_acc_pct": 88.95370370370371,
  "final_train_loss_batch_mean": 1.0076446103823693,
  "final_train_loss_eval": 0.45612239541035693,
  "final_val_acc_pct": 89.06666666666666,
  "final_val_loss": 0.4605981993178527,
  "best_val_acc_pct": 89.06666666666666,
  "final_test_acc_pct": 89.53,
  "final_test_loss": 0.43420299105346205,
  "best_test_acc_pct": 89.06666666666666,
  "generalization_gap_train_minus_test_ppts": -0.5762962962962916,
  "sigma_final_test_acc_pct_across_seeds": null,
  "seed": 42
}
