{
  "target_tau_val_acc_pct": 90.0,
  "target_tau_test_acc_pct": 90.0,
  "epochs_at_tau": 65,
  "final_train_acc_pct": 92.00740740740741,
  "final_train_loss_batch_mean": 0.3004874719121445,
  "final_train_loss_eval": 0.27655470364184176,
  "final_val_acc_pct": 91.83333333333333,
  "final_val_loss": 0.2898063398897648,
  "best_val_acc_pct": 91.95,
  "final_test_acc_pct": 92.37,
  "final_test_loss": 0.26638557510450483,
  "best_test_acc_pct": 91.95,
  "generalization_gap_train_minus_test_ppts": -0.36259259259259125,
  "sigma_final_test_acc_pct_across_seeds": null,
  "seed": 42
}
