{
  "trial": "trial_011",
  "proposal_source": "gp_ei",
  "candidate": {
    "l2_weight": 1.767869415320833e-05
  },
  "resolved_overrides": {
    "order": 1,
    "do_neural_balance": false,
    "full_balance_at_start": false,
    "l2_weight": 1.767869415320833e-05
  },
  "mean_final_val_acc_pct": 91.47777777777777,
  "mean_final_test_acc_pct": 91.95,
  "sigma_final_test_acc_pct_across_seeds": 0.10999999999999943,
  "objective_name": "mean_final_val_acc_pct",
  "objective_value": 91.47777777777777,
  "per_seed_metrics": [
    {
      "target_tau_val_acc_pct": 90.0,
      "target_tau_test_acc_pct": 90.0,
      "epochs_at_tau": 67,
      "final_train_acc_pct": 91.73333333333333,
      "final_train_loss_batch_mean": 0.35667600352052264,
      "final_train_loss_eval": 0.28869370748928935,
      "final_val_acc_pct": 91.51666666666667,
      "final_val_loss": 0.30397111487885314,
      "best_val_acc_pct": 91.51666666666667,
      "final_test_acc_pct": 91.95,
      "final_test_loss": 0.2784563337918371,
      "best_test_acc_pct": 91.51666666666667,
      "generalization_gap_train_minus_test_ppts": -0.21666666666666856,
      "sigma_final_test_acc_pct_across_seeds": null,
      "seed": 42,
      "seed_dir": "/workspaces/Neural-Balance/experiments/mnist_fcn_regscomp/l1_reg_BO/trials/trial_011/seed_42"
    },
    {
      "target_tau_val_acc_pct": 90.0,
      "target_tau_test_acc_pct": 90.0,
      "epochs_at_tau": 70,
      "final_train_acc_pct": 91.58518518518518,
      "final_train_loss_batch_mean": 0.3590747064323787,
      "final_train_loss_eval": 0.2911105603685876,
      "final_val_acc_pct": 91.53333333333333,
      "final_val_loss": 0.2982834397504727,
      "best_val_acc_pct": 91.53333333333333,
      "final_test_acc_pct": 91.84,
      "final_test_loss": 0.279960879124701,
      "best_test_acc_pct": 91.53333333333333,
      "generalization_gap_train_minus_test_ppts": -0.2548148148148215,
      "sigma_final_test_acc_pct_across_seeds": null,
      "seed": 43,
      "seed_dir": "/workspaces/Neural-Balance/experiments/mnist_fcn_regscomp/l1_reg_BO/trials/trial_011/seed_43"
    },
    {
      "target_tau_val_acc_pct": 90.0,
      "target_tau_test_acc_pct": 90.0,
      "epochs_at_tau": 63,
      "final_train_acc_pct": 91.77222222222223,
      "final_train_loss_batch_mean": 0.3577189161596705,
      "final_train_loss_eval": 0.2898971625555183,
      "final_val_acc_pct": 91.38333333333334,
      "final_val_loss": 0.2902692587425311,
      "best_val_acc_pct": 91.38333333333334,
      "final_test_acc_pct": 92.06,
      "final_test_loss": 0.2774973314255476,
      "best_test_acc_pct": 91.38333333333334,
      "generalization_gap_train_minus_test_ppts": -0.2877777777777766,
      "sigma_final_test_acc_pct_across_seeds": null,
      "seed": 44,
      "seed_dir": "/workspaces/Neural-Balance/experiments/mnist_fcn_regscomp/l1_reg_BO/trials/trial_011/seed_44"
    }
  ]
}
