{
  "target_tau_test_acc_pct": 90.0,
  "epochs_at_tau": 52,
  "final_train_acc_pct": 91.75833333333334,
  "final_train_loss_batch_mean": 0.29018131710113365,
  "final_train_loss_eval": 0.28955970355804933,
  "final_test_acc_pct": 92.04,
  "final_test_loss": 0.27817096542567016,
  "best_test_acc_pct": 92.07,
  "generalization_gap_train_minus_test_ppts": -0.2816666666666663,
  "sigma_final_test_acc_pct_across_seeds": null,
  "seed": 43
}
