{
  "target_tau_test_acc_pct": 90.0,
  "epochs_at_tau": 46,
  "final_train_acc_pct": 91.96833333333333,
  "final_train_loss_batch_mean": 0.28162796801709117,
  "final_train_loss_eval": 0.28147823385735776,
  "final_test_acc_pct": 92.29,
  "final_test_loss": 0.27077003186568616,
  "best_test_acc_pct": 92.29,
  "generalization_gap_train_minus_test_ppts": -0.32166666666667254,
  "sigma_final_test_acc_pct_across_seeds": null,
  "seed": 42
}
