{
  "trial": "trial_006",
  "proposal_source": "gp_ei",
  "candidate": {
    "dropout_rate": 0.45543613101264635
  },
  "resolved_overrides": {
    "order": 2,
    "l2_weight": 0.0,
    "do_neural_balance": false,
    "full_balance_at_start": false,
    "dropout_rate": 0.45543613101264635
  },
  "mean_final_val_acc_pct": 92.14999999999999,
  "mean_final_test_acc_pct": 92.47333333333334,
  "sigma_final_test_acc_pct_across_seeds": 0.08326663997865036,
  "objective_name": "mean_final_val_acc_pct",
  "objective_value": 92.14999999999999,
  "per_seed_metrics": [
    {
      "target_tau_val_acc_pct": 90.0,
      "target_tau_test_acc_pct": 90.0,
      "epochs_at_tau": 67,
      "final_train_acc_pct": 92.06666666666666,
      "final_train_loss_batch_mean": 0.32306852174031225,
      "final_train_loss_eval": 0.27474872669055,
      "final_val_acc_pct": 92.11666666666666,
      "final_val_loss": 0.28668337936202687,
      "best_val_acc_pct": 92.11666666666666,
      "final_test_acc_pct": 92.38,
      "final_test_loss": 0.26412044642493127,
      "best_test_acc_pct": 92.11666666666666,
      "generalization_gap_train_minus_test_ppts": -0.3133333333333326,
      "sigma_final_test_acc_pct_across_seeds": null,
      "seed": 42,
      "seed_dir": "/workspaces/Neural-Balance/experiments/mnist_fcn_regscomp/dropout_BO/trials/trial_006/seed_42"
    },
    {
      "target_tau_val_acc_pct": 90.0,
      "target_tau_test_acc_pct": 90.0,
      "epochs_at_tau": 76,
      "final_train_acc_pct": 92.14814814814815,
      "final_train_loss_batch_mean": 0.3224104760099926,
      "final_train_loss_eval": 0.27329638169557563,
      "final_val_acc_pct": 92.0,
      "final_val_loss": 0.279650008926789,
      "best_val_acc_pct": 92.01666666666667,
      "final_test_acc_pct": 92.5,
      "final_test_loss": 0.2626929719001055,
      "best_test_acc_pct": 92.01666666666667,
      "generalization_gap_train_minus_test_ppts": -0.35185185185184764,
      "sigma_final_test_acc_pct_across_seeds": null,
      "seed": 43,
      "seed_dir": "/workspaces/Neural-Balance/experiments/mnist_fcn_regscomp/dropout_BO/trials/trial_006/seed_43"
    },
    {
      "target_tau_val_acc_pct": 90.0,
      "target_tau_test_acc_pct": 90.0,
      "epochs_at_tau": 67,
      "final_train_acc_pct": 92.17777777777778,
      "final_train_loss_batch_mean": 0.31889240994555124,
      "final_train_loss_eval": 0.2730296557124757,
      "final_val_acc_pct": 92.33333333333333,
      "final_val_loss": 0.27115337053934735,
      "best_val_acc_pct": 92.33333333333333,
      "final_test_acc_pct": 92.54,
      "final_test_loss": 0.2604411017149687,
      "best_test_acc_pct": 92.33333333333333,
      "generalization_gap_train_minus_test_ppts": -0.3622222222222291,
      "sigma_final_test_acc_pct_across_seeds": null,
      "seed": 44,
      "seed_dir": "/workspaces/Neural-Balance/experiments/mnist_fcn_regscomp/dropout_BO/trials/trial_006/seed_44"
    }
  ]
}
