epoch,train_accuracy,train_loss,train_eval_loss,val_accuracy,val_loss,test_accuracy,test_loss
0,43.525925925925925,2.204186655333822,2.1008106068977246,42.733333333333334,2.105419307947159,42.733333333333334,2.105419307947159
1,60.25185185185185,2.00253888046572,1.9019182988252685,59.0,1.9082815150419872,59.0,1.9082815150419872
2,67.57777777777778,1.8021918930713599,1.7017328168543595,66.7,1.7097903390725453,66.7,1.7097903390725453
3,72.03703703703704,1.6066229354713766,1.5131815044800818,71.36666666666666,1.522379070520401,71.36666666666666,1.522379070520401
4,74.82592592592593,1.4287121657511634,1.3472950243836896,74.63333333333334,1.357395629088084,74.63333333333334,1.357395629088084
