{
  "target_tau_val_acc_pct": 90.0,
  "target_tau_test_acc_pct": 90.0,
  "epochs_at_tau": 67,
  "final_train_acc_pct": 91.74444444444444,
  "final_train_loss_batch_mean": 0.2884772377556534,
  "final_train_loss_eval": 0.28799224380068306,
  "final_val_acc_pct": 91.5,
  "final_val_loss": 0.30340439702073735,
  "best_val_acc_pct": 91.5,
  "final_test_acc_pct": 91.95,
  "final_test_loss": 0.27784702088683844,
  "best_test_acc_pct": 91.5,
  "generalization_gap_train_minus_test_ppts": -0.20555555555556282,
  "sigma_final_test_acc_pct_across_seeds": null,
  "seed": 42
}
