{
  "target_tau_val_acc_pct": 90.0,
  "target_tau_test_acc_pct": 90.0,
  "epochs_at_tau": 66,
  "final_train_acc_pct": 92.05555555555556,
  "final_train_loss_batch_mean": 0.31439182148160527,
  "final_train_loss_eval": 0.27468476709313866,
  "final_val_acc_pct": 92.0,
  "final_val_loss": 0.28698536443213624,
  "best_val_acc_pct": 92.0,
  "final_test_acc_pct": 92.42,
  "final_test_loss": 0.26419887896627187,
  "best_test_acc_pct": 92.0,
  "generalization_gap_train_minus_test_ppts": -0.36444444444444457,
  "sigma_final_test_acc_pct_across_seeds": null,
  "seed": 42
}
