{
  "target_tau_val_acc_pct": 90.0,
  "target_tau_test_acc_pct": 90.0,
  "epochs_at_tau": 9,
  "final_train_acc_pct": 97.15185185185184,
  "final_train_loss_batch_mean": 0.11133633133783159,
  "final_train_loss_eval": 0.1104505316870755,
  "final_val_acc_pct": 96.2,
  "final_val_loss": 0.13618161405126253,
  "best_val_acc_pct": 96.21666666666667,
  "final_test_acc_pct": 96.38,
  "final_test_loss": 0.1244704382494092,
  "best_test_acc_pct": 96.21666666666667,
  "generalization_gap_train_minus_test_ppts": 0.7718518518518493,
  "sigma_final_test_acc_pct_across_seeds": null,
  "seed": 43
}
