{
  "target_tau_test_acc_pct": 90.0,
  "epochs_at_tau": 46,
  "final_train_acc_pct": 91.96666666666667,
  "final_train_loss_batch_mean": 0.2816694416898362,
  "final_train_loss_eval": 0.28151990130860755,
  "final_test_acc_pct": 92.29,
  "final_test_loss": 0.27080575190484524,
  "best_test_acc_pct": 92.29,
  "generalization_gap_train_minus_test_ppts": -0.3233333333333377,
  "sigma_final_test_acc_pct_across_seeds": null,
  "seed": 42
}
