{
  "target_tau_val_acc_pct": 90.0,
  "target_tau_test_acc_pct": 90.0,
  "epochs_at_tau": 67,
  "final_train_acc_pct": 91.74444444444444,
  "final_train_loss_batch_mean": 0.28834225265618185,
  "final_train_loss_eval": 0.28785631336024586,
  "final_val_acc_pct": 91.5,
  "final_val_loss": 0.3032889689008395,
  "best_val_acc_pct": 91.5,
  "final_test_acc_pct": 91.95,
  "final_test_loss": 0.27772954856045545,
  "best_test_acc_pct": 91.5,
  "generalization_gap_train_minus_test_ppts": -0.20555555555556282,
  "sigma_final_test_acc_pct_across_seeds": null,
  "seed": 42
}
