{
  "target_tau_val_acc_pct": 90.0,
  "target_tau_test_acc_pct": 90.0,
  "epochs_at_tau": 8,
  "final_train_acc_pct": 96.90925925925926,
  "final_train_loss_batch_mean": 0.11826785528476204,
  "final_train_loss_eval": 0.11741378107130244,
  "final_val_acc_pct": 95.95,
  "final_val_loss": 0.15033026970922947,
  "best_val_acc_pct": 95.95,
  "final_test_acc_pct": 96.33,
  "final_test_loss": 0.1307029081042856,
  "best_test_acc_pct": 95.95,
  "generalization_gap_train_minus_test_ppts": 0.5792592592592598,
  "sigma_final_test_acc_pct_across_seeds": null,
  "seed": 42
}
