epoch,train_accuracy,train_loss,train_eval_loss,val_accuracy,val_loss,test_accuracy,test_loss
0,43.52407407407407,2.1966946170228354,2.0940352898638395,43.05,2.0945863823095956,43.05,2.0945863823095956
1,62.916666666666664,1.9984772092358196,1.901462188264205,62.88333333333333,1.90251986682415,62.88333333333333,1.90251986682415
2,71.1,1.8055562905225708,1.7085741362865503,71.06666666666666,1.7101352612177532,71.06666666666666,1.7101352612177532
3,75.10185185185185,1.614963589686353,1.5221146141748292,74.95,1.5236790378888447,74.95,1.5236790378888447
4,77.92777777777778,1.4365406075925058,1.3532384871306578,77.91666666666667,1.354519893725713,77.91666666666667,1.354519893725713
