{
  "target_tau_val_acc_pct": 90.0,
  "target_tau_test_acc_pct": 90.0,
  "epochs_at_tau": 67,
  "final_train_acc_pct": 91.71111111111111,
  "final_train_loss_batch_mean": 0.28978750307413076,
  "final_train_loss_eval": 0.28930929733961114,
  "final_val_acc_pct": 91.45,
  "final_val_loss": 0.30454470713933307,
  "best_val_acc_pct": 91.46666666666667,
  "final_test_acc_pct": 91.94,
  "final_test_loss": 0.2789947333745658,
  "best_test_acc_pct": 91.46666666666667,
  "generalization_gap_train_minus_test_ppts": -0.22888888888888914,
  "sigma_final_test_acc_pct_across_seeds": null,
  "seed": 42
}
