{
  "target_tau_test_acc_pct": 90.0,
  "epochs_at_tau": 46,
  "final_train_acc_pct": 91.93166666666667,
  "final_train_loss_batch_mean": 0.2830467993274648,
  "final_train_loss_eval": 0.282902518548864,
  "final_test_acc_pct": 92.26,
  "final_test_loss": 0.27201699586585165,
  "best_test_acc_pct": 92.26,
  "generalization_gap_train_minus_test_ppts": -0.32833333333333314,
  "sigma_final_test_acc_pct_across_seeds": null,
  "seed": 42
}
