{
  "target_tau_val_acc_pct": 90.0,
  "target_tau_test_acc_pct": 90.0,
  "epochs_at_tau": 67,
  "final_train_acc_pct": 91.73333333333333,
  "final_train_loss_batch_mean": 0.35667600352052264,
  "final_train_loss_eval": 0.28869370748928935,
  "final_val_acc_pct": 91.51666666666667,
  "final_val_loss": 0.30397111487885314,
  "best_val_acc_pct": 91.51666666666667,
  "final_test_acc_pct": 91.95,
  "final_test_loss": 0.2784563337918371,
  "best_test_acc_pct": 91.51666666666667,
  "generalization_gap_train_minus_test_ppts": -0.21666666666666856,
  "sigma_final_test_acc_pct_across_seeds": null,
  "seed": 42
}
