{
  "target_tau_val_acc_pct": 90.0,
  "target_tau_test_acc_pct": 90.0,
  "epochs_at_tau": 67,
  "final_train_acc_pct": 92.18703703703704,
  "final_train_loss_batch_mean": 0.32302784093465853,
  "final_train_loss_eval": 0.27304204874694066,
  "final_val_acc_pct": 92.28333333333333,
  "final_val_loss": 0.2710554786026478,
  "best_val_acc_pct": 92.3,
  "final_test_acc_pct": 92.59,
  "final_test_loss": 0.2602950032334775,
  "best_test_acc_pct": 92.3,
  "generalization_gap_train_minus_test_ppts": -0.40296296296295964,
  "sigma_final_test_acc_pct_across_seeds": null,
  "seed": 44
}
