{
  "target_tau_val_acc_pct": 90.0,
  "target_tau_test_acc_pct": 90.0,
  "epochs_at_tau": 36,
  "final_train_acc_pct": 92.66296296296296,
  "final_train_loss_batch_mean": 0.2617899194289158,
  "final_train_loss_eval": 0.2612559431678311,
  "final_val_acc_pct": 92.25,
  "final_val_loss": 0.2788256232937177,
  "best_val_acc_pct": 92.28333333333333,
  "final_test_acc_pct": 92.71,
  "final_test_loss": 0.25614485521800817,
  "best_test_acc_pct": 92.28333333333333,
  "generalization_gap_train_minus_test_ppts": -0.047037037037028995,
  "sigma_final_test_acc_pct_across_seeds": null,
  "seed": 42
}
