{
  "target_tau_val_acc_pct": 90.0,
  "target_tau_test_acc_pct": 90.0,
  "epochs_at_tau": 66,
  "final_train_acc_pct": 92.0425925925926,
  "final_train_loss_batch_mean": 0.3082764793487522,
  "final_train_loss_eval": 0.275191019779133,
  "final_val_acc_pct": 91.9,
  "final_val_loss": 0.287890512496233,
  "best_val_acc_pct": 91.93333333333334,
  "final_test_acc_pct": 92.38,
  "final_test_loss": 0.2647799707017839,
  "best_test_acc_pct": 91.93333333333334,
  "generalization_gap_train_minus_test_ppts": -0.3374074074073974,
  "sigma_final_test_acc_pct_across_seeds": null,
  "seed": 42
}
