epoch,train_accuracy,train_loss,train_eval_loss,val_accuracy,val_loss,test_accuracy,test_loss
0,47.907407407407405,2.179423416960296,2.0714794154415763,47.36666666666667,2.072617302338282,47.36666666666667,2.072617302338282
1,64.27777777777777,1.9724597812263887,1.872307470059508,64.01666666666667,1.873932808637619,64.01666666666667,1.873932808637619
2,70.55740740740741,1.7733073861678064,1.67382245267172,69.61666666666666,1.675767223040263,69.61666666666666,1.675767223040263
3,74.08148148148148,1.579159468271156,1.4858636036868345,73.68333333333334,1.4878445118665695,73.68333333333334,1.4878445118665695
4,76.71666666666667,1.401035172679413,1.3192689757776486,76.25,1.3211267342170079,76.25,1.3211267342170079
