{
  "target_tau_val_acc_pct": 90.0,
  "target_tau_test_acc_pct": 90.0,
  "epochs_at_tau": 9,
  "final_train_acc_pct": 97.13333333333334,
  "final_train_loss_batch_mean": 0.1117647201599668,
  "final_train_loss_eval": 0.1108684258720886,
  "final_val_acc_pct": 96.16666666666667,
  "final_val_loss": 0.13657193972418705,
  "best_val_acc_pct": 96.21666666666667,
  "final_test_acc_pct": 96.38,
  "final_test_loss": 0.1248157060239464,
  "best_test_acc_pct": 96.21666666666667,
  "generalization_gap_train_minus_test_ppts": 0.7533333333333445,
  "sigma_final_test_acc_pct_across_seeds": null,
  "seed": 43
}
