{
  "target_tau_test_acc_pct": 90.0,
  "epochs_at_tau": 51,
  "final_train_acc_pct": 91.90666666666667,
  "final_train_loss_batch_mean": 0.2834205324345447,
  "final_train_loss_eval": 0.28276990569652394,
  "final_test_acc_pct": 92.17,
  "final_test_loss": 0.2722102693282068,
  "best_test_acc_pct": 92.21,
  "generalization_gap_train_minus_test_ppts": -0.2633333333333354,
  "sigma_final_test_acc_pct_across_seeds": null,
  "seed": 43
}
