{
  "target_tau_val_acc_pct": 90.0,
  "target_tau_test_acc_pct": 90.0,
  "epochs_at_tau": 8,
  "final_train_acc_pct": 97.16666666666667,
  "final_train_loss_batch_mean": 0.11053765049619133,
  "final_train_loss_eval": 0.10965234341355862,
  "final_val_acc_pct": 96.2,
  "final_val_loss": 0.13539427239447832,
  "best_val_acc_pct": 96.23333333333333,
  "final_test_acc_pct": 96.39,
  "final_test_loss": 0.12378308712504804,
  "best_test_acc_pct": 96.23333333333333,
  "generalization_gap_train_minus_test_ppts": 0.7766666666666708,
  "sigma_final_test_acc_pct_across_seeds": null,
  "seed": 43
}
