epoch,train_accuracy,train_loss,train_eval_loss,val_accuracy,val_loss,test_accuracy,test_loss
0,47.912962962962965,2.1793754507580076,2.0713390501754545,47.38333333333333,2.0724775393803916,47.38333333333333,2.0724775393803916
1,64.28333333333333,1.97216073596647,1.8718212018080798,64.01666666666667,1.873448520898819,64.01666666666667,1.873448520898819
2,70.56111111111112,1.772596967728782,1.6728760145286814,69.63333333333334,1.6748232493797939,69.63333333333334,1.6748232493797939
3,74.0962962962963,1.5779813844445758,1.4844607945302086,73.68333333333334,1.4864432215690613,73.68333333333334,1.4864432215690613
4,76.73333333333333,1.3994409252682003,1.317500283932799,76.25,1.3193581302960713,76.25,1.3193581302960713
