{
  "target_tau_val_acc_pct": 90.0,
  "target_tau_test_acc_pct": 90.0,
  "epochs_at_tau": 70,
  "final_train_acc_pct": 91.59444444444445,
  "final_train_loss_batch_mean": 0.33152120620436015,
  "final_train_loss_eval": 0.2907606620359195,
  "final_val_acc_pct": 91.53333333333333,
  "final_val_loss": 0.29797228301564854,
  "best_val_acc_pct": 91.53333333333333,
  "final_test_acc_pct": 91.85,
  "final_test_loss": 0.2796342930756509,
  "best_test_acc_pct": 91.53333333333333,
  "generalization_gap_train_minus_test_ppts": -0.25555555555554577,
  "sigma_final_test_acc_pct_across_seeds": null,
  "seed": 43
}
