{
  "target_tau_val_acc_pct": 90.0,
  "target_tau_test_acc_pct": 90.0,
  "epochs_at_tau": 7,
  "final_train_acc_pct": 96.91296296296296,
  "final_train_loss_batch_mean": 0.11710205045639056,
  "final_train_loss_eval": 0.11587785413903648,
  "final_val_acc_pct": 96.21666666666667,
  "final_val_loss": 0.13663976111759743,
  "best_val_acc_pct": 96.21666666666667,
  "final_test_acc_pct": 96.23,
  "final_test_loss": 0.12907257270999253,
  "best_test_acc_pct": 96.21666666666667,
  "generalization_gap_train_minus_test_ppts": 0.6829629629629608,
  "sigma_final_test_acc_pct_across_seeds": null,
  "seed": 44
}
