epoch,train_accuracy,train_loss,train_eval_loss,val_accuracy,val_loss,test_accuracy,test_loss
0,43.52407407407407,2.1966918678645273,2.094026964422651,43.05,2.0945780674616494,43.05,2.0945780674616494
1,62.91851851851852,1.998458822756582,1.901431920404118,62.88333333333333,1.9024896770715714,62.88333333333333,1.9024896770715714
2,71.1,1.8055125260240095,1.7085156983108882,71.06666666666666,1.710076853632927,71.06666666666666,1.710076853632927
3,75.1,1.6148899110007624,1.52202585636157,74.95,1.5235903014739354,74.95,1.5235903014739354
4,77.92777777777778,1.4364392554025514,1.353124578982168,77.91666666666667,1.354405974348386,77.91666666666667,1.354405974348386
